{
  "total_inputs": 1296000,
  "n_dead": 177,
  "n_rare_0.1pct": 1276,
  "n_rare_1pct": 1276,
  "alive_frac": 0.91357421875,
  "mean_fire_rate": 0.37325024604797363,
  "median_fire_rate": 6.172839675855357e-06,
  "fire_rate_distribution": {
    "0%": 177,
    "0-0.1%": 1099,
    "0.1-1%": 0,
    "1-10%": 2,
    "10-50%": 0,
    "50-100%": 770
  }
}