{
  "checkpoint_id": 12,
  "step": 60000,
  "epoch": 76.8,
  "train_loss": 0.0016204747329523533,
  "train_accuracy": 0.9994296296296297,
  "train_unknown_accuracy": 0.9991712945025615,
  "test_loss": 0.529516049382716,
  "test_accuracy": 0.7901271604938271,
  "test_unknown_accuracy": 0.6952854710047504,
  "learning_rate": 4.2196258601603544e-05,
  "timestamp": "2026-01-29T12:21:37.310226"
}