{
  "checkpoint_id": 18,
  "step": 90000,
  "epoch": 115.2,
  "train_loss": 0.0005350540632083092,
  "train_accuracy": 0.9998123456790123,
  "train_unknown_accuracy": 0.9997272799041174,
  "test_loss": 0.5571456790123457,
  "test_accuracy": 0.789846913580247,
  "test_unknown_accuracy": 0.6948526577540011,
  "learning_rate": 1.2292491384519912e-05,
  "timestamp": "2026-01-30T21:51:07.545430"
}