{
  "num_puzzles": 1000,
  "ablate_level": "H",
  "baseline_accuracy": {
    "mean": 0.8177037037037037,
    "ci_lower": 0.8070978395061728,
    "ci_upper": 0.8284111111111111,
    "std": 0.18734999852648465,
    "n": 1000
  },
  "all_steps_delta": {
    "mean": -0.19308641975308644,
    "ci_lower": -0.20351882716049385,
    "ci_upper": -0.18286358024691357,
    "std": 0.1737043617876923,
    "n": 1000
  },
  "per_step_ablation": {
    "0": {
      "delta_accuracy": {
        "mean": -0.0681604938271605,
        "ci_lower": -0.07899506172839506,
        "ci_upper": -0.05888796296296297,
        "std": 0.1711378130164347,
        "n": 1000
      },
      "ablated_accuracy": {
        "mean": 0.7495432098765432,
        "ci_lower": 0.7381345679012346,
        "ci_upper": 0.7616913580246912,
        "std": 0.19748094701072094,
        "n": 1000
      }
    },
    "1": {
      "delta_accuracy": {
        "mean": -0.017802469135802468,
        "ci_lower": -0.025891358024691356,
        "ci_upper": -0.01050493827160494,
        "std": 0.1317282423315902,
        "n": 1000
      },
      "ablated_accuracy": {
        "mean": 0.7999012345679012,
        "ci_lower": 0.7880839506172839,
        "ci_upper": 0.8118891975308642,
        "std": 0.19162972984578402,
        "n": 1000
      }
    },
    "2": {
      "delta_accuracy": {
        "mean": -0.032740740740740744,
        "ci_lower": -0.04292098765432098,
        "ci_upper": -0.022678086419753087,
        "std": 0.16026236680991557,
        "n": 1000
      },
      "ablated_accuracy": {
        "mean": 0.7849629629629631,
        "ci_lower": 0.7730675925925926,
        "ci_upper": 0.7969533950617284,
        "std": 0.2000027724240093,
        "n": 1000
      }
    },
    "3": {
      "delta_accuracy": {
        "mean": -0.029111111111111115,
        "ci_lower": -0.038506790123456786,
        "ci_upper": -0.020308333333333338,
        "std": 0.1538738391020582,
        "n": 1000
      },
      "ablated_accuracy": {
        "mean": 0.7885925925925926,
        "ci_lower": 0.7774648148148149,
        "ci_upper": 0.8002475308641975,
        "std": 0.19176326028656365,
        "n": 1000
      }
    },
    "4": {
      "delta_accuracy": {
        "mean": -0.042839506172839506,
        "ci_lower": -0.05241697530864197,
        "ci_upper": -0.0337743827160494,
        "std": 0.15478798475842812,
        "n": 1000
      },
      "ablated_accuracy": {
        "mean": 0.7748641975308642,
        "ci_lower": 0.7630240740740741,
        "ci_upper": 0.7856299382716049,
        "std": 0.19141070720441697,
        "n": 1000
      }
    },
    "5": {
      "delta_accuracy": {
        "mean": -0.047925925925925934,
        "ci_lower": -0.0575925925925926,
        "ci_upper": -0.03866666666666667,
        "std": 0.15538304955695934,
        "n": 1000
      },
      "ablated_accuracy": {
        "mean": 0.7697777777777777,
        "ci_lower": 0.7584657407407407,
        "ci_upper": 0.7811984567901235,
        "std": 0.18877027503093216,
        "n": 1000
      }
    },
    "6": {
      "delta_accuracy": {
        "mean": -0.05692592592592593,
        "ci_lower": -0.06683271604938272,
        "ci_upper": -0.0470712962962963,
        "std": 0.1626922925200205,
        "n": 1000
      },
      "ablated_accuracy": {
        "mean": 0.7607777777777778,
        "ci_lower": 0.7495179012345679,
        "ci_upper": 0.7724101851851852,
        "std": 0.18932849313094172,
        "n": 1000
      }
    },
    "7": {
      "delta_accuracy": {
        "mean": -0.060987654320987655,
        "ci_lower": -0.07223611111111113,
        "ci_upper": -0.05098580246913581,
        "std": 0.16737043912441432,
        "n": 1000
      },
      "ablated_accuracy": {
        "mean": 0.7567160493827161,
        "ci_lower": 0.7455308641975309,
        "ci_upper": 0.7673583333333333,
        "std": 0.18256398577233723,
        "n": 1000
      }
    },
    "8": {
      "delta_accuracy": {
        "mean": -0.07216049382716051,
        "ci_lower": -0.08285432098765431,
        "ci_upper": -0.0624172839506173,
        "std": 0.16634215091815252,
        "n": 1000
      },
      "ablated_accuracy": {
        "mean": 0.7455432098765432,
        "ci_lower": 0.7345765432098764,
        "ci_upper": 0.7566820987654321,
        "std": 0.17831865551603107,
        "n": 1000
      }
    },
    "9": {
      "delta_accuracy": {
        "mean": -0.07690123456790124,
        "ci_lower": -0.08723827160493826,
        "ci_upper": -0.06692500000000001,
        "std": 0.16982043961227156,
        "n": 1000
      },
      "ablated_accuracy": {
        "mean": 0.7408024691358025,
        "ci_lower": 0.7304543209876543,
        "ci_upper": 0.7513854938271605,
        "std": 0.17285139950261819,
        "n": 1000
      }
    },
    "10": {
      "delta_accuracy": {
        "mean": -0.0925679012345679,
        "ci_lower": -0.10231728395061727,
        "ci_upper": -0.08241913580246912,
        "std": 0.16919256324315832,
        "n": 1000
      },
      "ablated_accuracy": {
        "mean": 0.7251358024691358,
        "ci_lower": 0.7157003086419753,
        "ci_upper": 0.7348932098765433,
        "std": 0.16454354334292534,
        "n": 1000
      }
    },
    "11": {
      "delta_accuracy": {
        "mean": -0.10607407407407407,
        "ci_lower": -0.11653117283950619,
        "ci_upper": -0.09496018518518519,
        "std": 0.1756419783458161,
        "n": 1000
      },
      "ablated_accuracy": {
        "mean": 0.7116296296296296,
        "ci_lower": 0.702392901234568,
        "ci_upper": 0.7212608024691358,
        "std": 0.15814512964419208,
        "n": 1000
      }
    },
    "12": {
      "delta_accuracy": {
        "mean": -0.12976543209876545,
        "ci_lower": -0.14074104938271606,
        "ci_upper": -0.11939413580246913,
        "std": 0.17702510376986363,
        "n": 1000
      },
      "ablated_accuracy": {
        "mean": 0.6879382716049384,
        "ci_lower": 0.6794518518518519,
        "ci_upper": 0.6962984567901235,
        "std": 0.13711390959208877,
        "n": 1000
      }
    },
    "13": {
      "delta_accuracy": {
        "mean": -0.15658024691358025,
        "ci_lower": -0.16768055555555558,
        "ci_upper": -0.14587345679012348,
        "std": 0.17995601039132877,
        "n": 1000
      },
      "ablated_accuracy": {
        "mean": 0.6611234567901234,
        "ci_lower": 0.6539608024691358,
        "ci_upper": 0.6689018518518518,
        "std": 0.12013899827139657,
        "n": 1000
      }
    },
    "14": {
      "delta_accuracy": {
        "mean": -0.1935679012345679,
        "ci_lower": -0.2046688271604938,
        "ci_upper": -0.1827854938271605,
        "std": 0.18959360149966661,
        "n": 1000
      },
      "ablated_accuracy": {
        "mean": 0.6241358024691358,
        "ci_lower": 0.6182462962962962,
        "ci_upper": 0.63005,
        "std": 0.10309712001832917,
        "n": 1000
      }
    },
    "15": {
      "delta_accuracy": {
        "mean": -0.260320987654321,
        "ci_lower": -0.2730620370370371,
        "ci_upper": -0.24800462962962966,
        "std": 0.21047938258248242,
        "n": 1000
      },
      "ablated_accuracy": {
        "mean": 0.5573827160493828,
        "ci_lower": 0.55271512345679,
        "ci_upper": 0.562125,
        "std": 0.0743637299676736,
        "n": 1000
      }
    }
  }
}