{
  "total_inputs": 1296000,
  "n_dead": 704,
  "n_rare_0.1pct": 1799,
  "n_rare_1pct": 1821,
  "alive_frac": 0.65625,
  "mean_fire_rate": 0.03125,
  "median_fire_rate": 7.716049594819196e-07,
  "fire_rate_distribution": {
    "0%": 704,
    "0-0.1%": 1095,
    "0.1-1%": 22,
    "1-10%": 65,
    "10-50%": 124,
    "50-100%": 38
  }
}