{
  "num_puzzles": 30,
  "ablate_level": "L",
  "baseline_accuracy": {
    "mean": 0.996037037037037,
    "ci_lower": 0.9925916666666665,
    "ci_upper": 0.9993333333333333,
    "std": 0.009277093935025493,
    "n": 30
  },
  "all_steps_delta": {
    "mean": -0.005777777777777782,
    "ci_lower": -0.01129722222222223,
    "ci_upper": -0.001554629629629633,
    "std": 0.013539760074708073,
    "n": 30
  },
  "per_step_ablation": {
    "0": {
      "delta_accuracy": {
        "mean": 0.0,
        "ci_lower": 0.0,
        "ci_upper": 0.0,
        "std": 0.0,
        "n": 30
      },
      "ablated_accuracy": {
        "mean": 0.996037037037037,
        "ci_lower": 0.9925916666666665,
        "ci_upper": 0.9993333333333333,
        "std": 0.009277093935025493,
        "n": 30
      }
    },
    "1": {
      "delta_accuracy": {
        "mean": 0.00037037037037036905,
        "ci_lower": -0.0017777777777777818,
        "ci_upper": 0.0024444444444444453,
        "std": 0.005965147977863187,
        "n": 30
      },
      "ablated_accuracy": {
        "mean": 0.9964074074074073,
        "ci_lower": 0.9929629629629629,
        "ci_upper": 0.9992592592592593,
        "std": 0.009061669525828901,
        "n": 30
      }
    },
    "2": {
      "delta_accuracy": {
        "mean": -0.00033333333333333365,
        "ci_lower": -0.0022222222222222253,
        "ci_upper": 0.0012222222222222246,
        "std": 0.004618356645712406,
        "n": 30
      },
      "ablated_accuracy": {
        "mean": 0.9957037037037036,
        "ci_lower": 0.9922212962962962,
        "ci_upper": 0.9988888888888888,
        "std": 0.009500848276328898,
        "n": 30
      }
    },
    "3": {
      "delta_accuracy": {
        "mean": -0.0002962962962962982,
        "ci_lower": -0.0022222222222222253,
        "ci_upper": 0.001333333333333331,
        "std": 0.004722185911261995,
        "n": 30
      },
      "ablated_accuracy": {
        "mean": 0.9957407407407407,
        "ci_lower": 0.9922222222222222,
        "ci_upper": 0.9989629629629629,
        "std": 0.00949803242926844,
        "n": 30
      }
    },
    "4": {
      "delta_accuracy": {
        "mean": -0.0002592592592592591,
        "ci_lower": -0.0022222222222222253,
        "ci_upper": 0.0014444444444444483,
        "std": 0.0048320205397505015,
        "n": 30
      },
      "ablated_accuracy": {
        "mean": 0.9957777777777778,
        "ci_lower": 0.9922583333333334,
        "ci_upper": 0.9990370370370371,
        "std": 0.009499404356462153,
        "n": 30
      }
    },
    "5": {
      "delta_accuracy": {
        "mean": -0.0002962962962962982,
        "ci_lower": -0.0022222222222222253,
        "ci_upper": 0.001333333333333331,
        "std": 0.004722185911261995,
        "n": 30
      },
      "ablated_accuracy": {
        "mean": 0.9957407407407407,
        "ci_lower": 0.9922222222222222,
        "ci_upper": 0.9989629629629629,
        "std": 0.00949803242926844,
        "n": 30
      }
    },
    "6": {
      "delta_accuracy": {
        "mean": -0.0002962962962962982,
        "ci_lower": -0.0022222222222222253,
        "ci_upper": 0.001333333333333331,
        "std": 0.004722185911261995,
        "n": 30
      },
      "ablated_accuracy": {
        "mean": 0.9957407407407407,
        "ci_lower": 0.9922222222222222,
        "ci_upper": 0.9989629629629629,
        "std": 0.00949803242926844,
        "n": 30
      }
    },
    "7": {
      "delta_accuracy": {
        "mean": -0.00033333333333333365,
        "ci_lower": -0.0021851851851851863,
        "ci_upper": 0.0011481481481481462,
        "std": 0.0045283741938477425,
        "n": 30
      },
      "ablated_accuracy": {
        "mean": 0.9957037037037036,
        "ci_lower": 0.9922222222222223,
        "ci_upper": 0.9988148148148148,
        "std": 0.009391938287760275,
        "n": 30
      }
    },
    "8": {
      "delta_accuracy": {
        "mean": -0.0002962962962962982,
        "ci_lower": -0.0022222222222222253,
        "ci_upper": 0.001333333333333331,
        "std": 0.004722185911261995,
        "n": 30
      },
      "ablated_accuracy": {
        "mean": 0.9957407407407407,
        "ci_lower": 0.9922222222222222,
        "ci_upper": 0.9989629629629629,
        "std": 0.00949803242926844,
        "n": 30
      }
    },
    "9": {
      "delta_accuracy": {
        "mean": -0.0002592592592592591,
        "ci_lower": -0.0021490740740740723,
        "ci_upper": 0.0013703703703703699,
        "std": 0.0047287173922304785,
        "n": 30
      },
      "ablated_accuracy": {
        "mean": 0.9957777777777778,
        "ci_lower": 0.9922962962962962,
        "ci_upper": 0.9989629629629629,
        "std": 0.009381708847824567,
        "n": 30
      }
    },
    "10": {
      "delta_accuracy": {
        "mean": -0.0002962962962962982,
        "ci_lower": -0.0022222222222222253,
        "ci_upper": 0.001333333333333331,
        "std": 0.004722185911261995,
        "n": 30
      },
      "ablated_accuracy": {
        "mean": 0.9957407407407407,
        "ci_lower": 0.9922222222222222,
        "ci_upper": 0.9989629629629629,
        "std": 0.00949803242926844,
        "n": 30
      }
    },
    "11": {
      "delta_accuracy": {
        "mean": -0.00033333333333333365,
        "ci_lower": -0.0021851851851851863,
        "ci_upper": 0.0011481481481481462,
        "std": 0.0045283741938477425,
        "n": 30
      },
      "ablated_accuracy": {
        "mean": 0.9957037037037036,
        "ci_lower": 0.9922222222222223,
        "ci_upper": 0.9988148148148148,
        "std": 0.009391938287760275,
        "n": 30
      }
    },
    "12": {
      "delta_accuracy": {
        "mean": -0.00033333333333333365,
        "ci_lower": -0.0022222222222222253,
        "ci_upper": 0.0012222222222222246,
        "std": 0.004618356645712406,
        "n": 30
      },
      "ablated_accuracy": {
        "mean": 0.9957037037037036,
        "ci_lower": 0.9922212962962962,
        "ci_upper": 0.9988888888888888,
        "std": 0.009500848276328898,
        "n": 30
      }
    },
    "13": {
      "delta_accuracy": {
        "mean": -0.0008518518518518518,
        "ci_lower": -0.002814814814814818,
        "ci_upper": 0.0002962962962962982,
        "std": 0.004290705174168044,
        "n": 30
      },
      "ablated_accuracy": {
        "mean": 0.9951851851851852,
        "ci_lower": 0.9916657407407407,
        "ci_upper": 0.9985194444444444,
        "std": 0.009835408165007227,
        "n": 30
      }
    },
    "14": {
      "delta_accuracy": {
        "mean": -0.0013703703703703699,
        "ci_lower": -0.00355555555555556,
        "ci_upper": 7.407407407407825e-05,
        "std": 0.005287482954536412,
        "n": 30
      },
      "ablated_accuracy": {
        "mean": 0.9946666666666667,
        "ci_lower": 0.9907407407407407,
        "ci_upper": 0.9984462962962963,
        "std": 0.011149563094652908,
        "n": 30
      }
    },
    "15": {
      "delta_accuracy": {
        "mean": -3.7037037037035424e-05,
        "ci_lower": -0.0020000000000000018,
        "ci_upper": 0.001814814814814821,
        "std": 0.005231145515269152,
        "n": 30
      },
      "ablated_accuracy": {
        "mean": 0.996,
        "ci_lower": 0.9927037037037036,
        "ci_upper": 0.9990370370370371,
        "std": 0.008983753053709858,
        "n": 30
      }
    }
  }
}