{
  "n_puzzles": 300,
  "conditions": {
    "sae_top_features": {
      "mean_delta_acc": -0.036296296600500745,
      "std_delta_acc": 0.14524850973871692,
      "ci_lower_delta_acc": -0.038701358653257294,
      "ci_upper_delta_acc": -0.034072366519123314,
      "n_samples": 15000,
      "delta_acc": {
        "mean": -0.036296296600500745,
        "std": 0.14524850973871692,
        "ci_lower": -0.038701358653257294,
        "ci_upper": -0.034072366519123314,
        "n": 15000
      }
    },
    "random_sae_features": {
      "mean_delta_acc": -0.034219753605127336,
      "std_delta_acc": 0.14592160483900218,
      "ci_lower_delta_acc": -0.03662135856866837,
      "ci_upper_delta_acc": -0.031992983973373974,
      "n_samples": 15000,
      "delta_acc": {
        "mean": -0.034219753605127336,
        "std": 0.14592160483900218,
        "ci_lower": -0.03662135856866837,
        "ci_upper": -0.031992983973373974,
        "n": 15000
      }
    },
    "probe_directions": {
      "mean_delta_acc": 0.0,
      "std_delta_acc": 0.0,
      "ci_lower_delta_acc": 0.0,
      "ci_upper_delta_acc": 0.0,
      "n_samples": 0,
      "delta_acc": {
        "mean": 0.0,
        "std": 0.0,
        "ci_lower": 0.0,
        "ci_upper": 0.0,
        "n": 0
      }
    },
    "random_directions": {
      "mean_delta_acc": 0.0,
      "std_delta_acc": 0.0,
      "ci_lower_delta_acc": 0.0,
      "ci_upper_delta_acc": 0.0,
      "n_samples": 0,
      "delta_acc": {
        "mean": 0.0,
        "std": 0.0,
        "ci_lower": 0.0,
        "ci_upper": 0.0,
        "n": 0
      }
    }
  },
  "statistical_tests": {
    "sae_vs_random_features": {
      "t_statistic": -1.2352052257266914,
      "p_value": 0.21676380881152088,
      "significant_0.05": false,
      "n_pairs": 300,
      "paired_t_statistic": -1.199489579119247,
      "paired_p_value": 0.23128727642056346,
      "wilcoxon_stat": 13463.5,
      "wilcoxon_p_value": 0.6207405730118777,
      "cohens_d_paired": -0.06925256313946482,
      "mean_paired_delta": {
        "mean": -0.002076542995373408,
        "std": 0.029935053772694138,
        "ci_lower": -0.005605720071792603,
        "ci_upper": 0.0010890127802888551,
        "n": 300
      }
    }
  },
  "per_item_means": {
    "sae_1833": {
      "mean_delta_acc": -0.03271604965130488,
      "std_delta_acc": 0.1466422955417637,
      "n": 300,
      "delta_acc": {
        "mean": -0.03271604965130488,
        "std": 0.1466422955417637,
        "ci_lower": -0.05029218117644389,
        "ci_upper": -0.016995885372161866,
        "n": 300
      }
    },
    "sae_1936": {
      "mean_delta_acc": -0.03440329223871231,
      "std_delta_acc": 0.15000609153556693,
      "n": 300,
      "delta_acc": {
        "mean": -0.03440329223871231,
        "std": 0.15000609153556693,
        "ci_lower": -0.051811728114883104,
        "ci_upper": -0.01826748880495628,
        "n": 300
      }
    },
    "sae_1548": {
      "mean_delta_acc": -0.03539094676574071,
      "std_delta_acc": 0.14015593400907975,
      "n": 300,
      "delta_acc": {
        "mean": -0.03539094676574071,
        "std": 0.14015593400907975,
        "ci_lower": -0.052025721445679664,
        "ci_upper": -0.020164608923097453,
        "n": 300
      }
    },
    "sae_1020": {
      "mean_delta_acc": -0.04057613253593445,
      "std_delta_acc": 0.1509127292614672,
      "n": 300,
      "delta_acc": {
        "mean": -0.04057613253593445,
        "std": 0.1509127292614672,
        "ci_lower": -0.05815020529180765,
        "ci_upper": -0.023620371763904892,
        "n": 300
      }
    },
    "sae_639": {
      "mean_delta_acc": -0.03547325273354848,
      "std_delta_acc": 0.14231162079610177,
      "n": 300,
      "delta_acc": {
        "mean": -0.03547325273354848,
        "std": 0.14231162079610177,
        "ci_lower": -0.05247016643236081,
        "ci_upper": -0.02028292414794366,
        "n": 300
      }
    },
    "sae_575": {
      "mean_delta_acc": -0.022469136714935303,
      "std_delta_acc": 0.14426720520776648,
      "n": 300,
      "delta_acc": {
        "mean": -0.022469136714935303,
        "std": 0.14426720520776648,
        "ci_lower": -0.038972223783532774,
        "ci_upper": -0.0069125506406029075,
        "n": 300
      }
    },
    "sae_842": {
      "mean_delta_acc": -0.04193415691455205,
      "std_delta_acc": 0.13550996703727206,
      "n": 300,
      "delta_acc": {
        "mean": -0.04193415691455205,
        "std": 0.13550996703727206,
        "ci_lower": -0.05819341697295507,
        "ci_upper": -0.02723765380432209,
        "n": 300
      }
    },
    "sae_1888": {
      "mean_delta_acc": -0.025144031345844267,
      "std_delta_acc": 0.1292638319406111,
      "n": 300,
      "delta_acc": {
        "mean": -0.025144031345844267,
        "std": 0.1292638319406111,
        "ci_lower": -0.039836415936549505,
        "ci_upper": -0.011066869931916398,
        "n": 300
      }
    },
    "sae_612": {
      "mean_delta_acc": -0.0328395073612531,
      "std_delta_acc": 0.14854425895789872,
      "n": 300,
      "delta_acc": {
        "mean": -0.0328395073612531,
        "std": 0.14854425895789872,
        "ci_lower": -0.04935288322716951,
        "ci_upper": -0.01563374482095242,
        "n": 300
      }
    },
    "sae_1341": {
      "mean_delta_acc": -0.02633744736512502,
      "std_delta_acc": 0.134071774029806,
      "n": 300,
      "delta_acc": {
        "mean": -0.02633744736512502,
        "std": 0.134071774029806,
        "ci_lower": -0.042059669596453506,
        "ci_upper": -0.011148147506018483,
        "n": 300
      }
    },
    "sae_1429": {
      "mean_delta_acc": -0.03604938318332036,
      "std_delta_acc": 0.15384796541010592,
      "n": 300,
      "delta_acc": {
        "mean": -0.03604938318332036,
        "std": 0.15384796541010592,
        "ci_lower": -0.05382921701172987,
        "ci_upper": -0.019207819476723682,
        "n": 300
      }
    },
    "sae_280": {
      "mean_delta_acc": -0.04662551442782084,
      "std_delta_acc": 0.14832643045459973,
      "n": 300,
      "delta_acc": {
        "mean": -0.04662551442782084,
        "std": 0.14832643045459973,
        "ci_lower": -0.06510596788922945,
        "ci_upper": -0.029917696416378023,
        "n": 300
      }
    },
    "sae_597": {
      "mean_delta_acc": -0.03658436218897502,
      "std_delta_acc": 0.14110593915295297,
      "n": 300,
      "delta_acc": {
        "mean": -0.03658436218897502,
        "std": 0.14110593915295297,
        "ci_lower": -0.05334259560207526,
        "ci_upper": -0.021311730434497203,
        "n": 300
      }
    },
    "sae_1651": {
      "mean_delta_acc": -0.034526749352614086,
      "std_delta_acc": 0.14823488043431357,
      "n": 300,
      "delta_acc": {
        "mean": -0.034526749352614086,
        "std": 0.14823488043431357,
        "ci_lower": -0.0519794255271554,
        "ci_upper": -0.01913374450306098,
        "n": 300
      }
    },
    "sae_755": {
      "mean_delta_acc": -0.04308641990025838,
      "std_delta_acc": 0.14191798824563262,
      "n": 300,
      "delta_acc": {
        "mean": -0.04308641990025838,
        "std": 0.14191798824563262,
        "ci_lower": -0.05971296371767918,
        "ci_upper": -0.02649999989072482,
        "n": 300
      }
    },
    "sae_1257": {
      "mean_delta_acc": -0.03115226318438848,
      "std_delta_acc": 0.14629297295734142,
      "n": 300,
      "delta_acc": {
        "mean": -0.03115226318438848,
        "std": 0.14629297295734142,
        "ci_lower": -0.04770370394984881,
        "ci_upper": -0.015719137805203596,
        "n": 300
      }
    },
    "sae_675": {
      "mean_delta_acc": -0.02193415621916453,
      "std_delta_acc": 0.13315800977895473,
      "n": 300,
      "delta_acc": {
        "mean": -0.02193415621916453,
        "std": 0.13315800977895473,
        "ci_lower": -0.03728394916901986,
        "ci_upper": -0.006787036182979746,
        "n": 300
      }
    },