{
  "final_stats": {
    "alive_count": 2048,
    "alive_frac": 1.0,
    "dead_count": 0,
    "mean_sparsity": 0.03125,
    "mean_activation": 0.05907612364969136,
    "L0": 64.0
  },
  "training_time_sec": 48.16565132141113,
  "n_samples": 1296000,
  "best_recon_loss": 0.010320589998120014,
  "activation_shift_gamma": 0.33531278371810913,
  "config": {
    "input_dim": 512,
    "dict_size": 2048,
    "l1_coeff": 0.01,
    "activation": "topk",
    "k": 64,
    "center_mean": false,
    "lr": 0.0003,
    "batch_size": 4096,
    "epochs": 50
  }
}