{
  "num_puzzles": 5000,
  "ablate_level": "L",
  "baseline_accuracy": {
    "mean": 0.8263975308641976,
    "ci_lower": 0.8214762962962961,
    "ci_upper": 0.8318007407407407,
    "std": 0.1885721465840245,
    "n": 5000
  },
  "all_steps_delta": {
    "mean": -0.19985185185185186,
    "ci_lower": -0.2050303703703704,
    "ci_upper": -0.19482672839506174,
    "std": 0.18348530758864387,
    "n": 5000
  },
  "per_step_ablation": {
    "0": {
      "delta_accuracy": {
        "mean": 0.0,
        "ci_lower": 0.0,
        "ci_upper": 0.0,
        "std": 0.0,
        "n": 5000
      },
      "ablated_accuracy": {
        "mean": 0.8263975308641976,
        "ci_lower": 0.8214762962962961,
        "ci_upper": 0.8318007407407407,
        "std": 0.1885721465840245,
        "n": 5000
      }
    },
    "1": {
      "delta_accuracy": {
        "mean": -0.00020740740740740726,
        "ci_lower": -0.003049444444444445,
        "ci_upper": 0.0025046913580246905,
        "std": 0.09894314086493752,
        "n": 5000
      },
      "ablated_accuracy": {
        "mean": 0.82619012345679,
        "ci_lower": 0.8211181481481482,
        "ci_upper": 0.831208086419753,
        "std": 0.1889134261638696,
        "n": 5000
      }
    },
    "2": {
      "delta_accuracy": {
        "mean": -0.0047654320987654325,
        "ci_lower": -0.007400061728395062,
        "ci_upper": -0.0021033333333333342,
        "std": 0.09710408577953875,
        "n": 5000
      },
      "ablated_accuracy": {
        "mean": 0.8216320987654321,
        "ci_lower": 0.8165735185185187,
        "ci_upper": 0.8269258641975308,
        "std": 0.18873958238495636,
        "n": 5000
      }
    },
    "3": {
      "delta_accuracy": {
        "mean": -0.0059259259259259265,
        "ci_lower": -0.008407777777777776,
        "ci_upper": -0.0034354938271604963,
        "std": 0.08718287405463039,
        "n": 5000
      },
      "ablated_accuracy": {
        "mean": 0.8204716049382716,
        "ci_lower": 0.8153504938271605,
        "ci_upper": 0.8257861111111111,
        "std": 0.18898692395023828,
        "n": 5000
      }
    },
    "4": {
      "delta_accuracy": {
        "mean": -0.005738271604938272,
        "ci_lower": -0.008096604938271607,
        "ci_upper": -0.0033234567901234582,
        "std": 0.0829070587660227,
        "n": 5000
      },
      "ablated_accuracy": {
        "mean": 0.8206592592592591,
        "ci_lower": 0.8153187654320987,
        "ci_upper": 0.8260819135802469,
        "std": 0.1887237608082612,
        "n": 5000
      }
    },
    "5": {
      "delta_accuracy": {
        "mean": -0.004516049382716051,
        "ci_lower": -0.006519938271604938,
        "ci_upper": -0.002392407407407408,
        "std": 0.07656311007738545,
        "n": 5000
      },
      "ablated_accuracy": {
        "mean": 0.8218814814814815,
        "ci_lower": 0.8168333333333333,
        "ci_upper": 0.827336975308642,
        "std": 0.1897083645058414,
        "n": 5000
      }
    },
    "6": {
      "delta_accuracy": {
        "mean": -0.002281481481481481,
        "ci_lower": -0.004267407407407406,
        "ci_upper": -0.00018191358024691393,
        "std": 0.07425928384798912,
        "n": 5000
      },
      "ablated_accuracy": {
        "mean": 0.824116049382716,
        "ci_lower": 0.8190419135802468,
        "ci_upper": 0.8295122839506173,
        "std": 0.18923368371078775,
        "n": 5000
      }
    },
    "7": {
      "delta_accuracy": {
        "mean": -0.001735802469135803,
        "ci_lower": -0.0037020370370370367,
        "ci_upper": 0.0005040740740740739,
        "std": 0.07406875664041879,
        "n": 5000
      },
      "ablated_accuracy": {
        "mean": 0.8246617283950618,
        "ci_lower": 0.8197150000000001,
        "ci_upper": 0.8299557407407406,
        "std": 0.18929426131358326,
        "n": 5000
      }
    },
    "8": {
      "delta_accuracy": {
        "mean": -0.001311111111111111,
        "ci_lower": -0.0031292592592592587,
        "ci_upper": 0.0006374074074074076,
        "std": 0.06782860488244422,
        "n": 5000
      },
      "ablated_accuracy": {
        "mean": 0.8250864197530864,
        "ci_lower": 0.8199583333333335,
        "ci_upper": 0.8305463580246913,
        "std": 0.18903253474520282,
        "n": 5000
      }
    },
    "9": {
      "delta_accuracy": {
        "mean": -0.0011407407407407412,
        "ci_lower": -0.0030348765432098765,
        "ci_upper": 0.0007950617283950614,
        "std": 0.06541097054642307,
        "n": 5000
      },
      "ablated_accuracy": {
        "mean": 0.8252567901234568,
        "ci_lower": 0.8202872839506175,
        "ci_upper": 0.8307781481481481,
        "std": 0.18896053767400503,
        "n": 5000
      }
    },
    "10": {
      "delta_accuracy": {
        "mean": -0.0020493827160493827,
        "ci_lower": -0.0036841975308641974,
        "ci_upper": -0.0003184567901234565,
        "std": 0.06316795967419722,
        "n": 5000
      },
      "ablated_accuracy": {
        "mean": 0.8243481481481482,
        "ci_lower": 0.8194491358024691,
        "ci_upper": 0.829668086419753,
        "std": 0.18856112414813703,
        "n": 5000
      }
    },
    "11": {
      "delta_accuracy": {
        "mean": -0.003906172839506172,
        "ci_lower": -0.005533888888888888,
        "ci_upper": -0.002119506172839507,
        "std": 0.06058382199798016,
        "n": 5000
      },
      "ablated_accuracy": {
        "mean": 0.8224913580246913,
        "ci_lower": 0.8176262962962962,
        "ci_upper": 0.8277791975308642,
        "std": 0.1892993059030157,
        "n": 5000
      }
    },
    "12": {
      "delta_accuracy": {
        "mean": -0.0028320987654320987,
        "ci_lower": -0.00441,
        "ci_upper": -0.0013305555555555555,
        "std": 0.0556678914190253,
        "n": 5000
      },
      "ablated_accuracy": {
        "mean": 0.8235654320987654,
        "ci_lower": 0.8184162345679011,
        "ci_upper": 0.8287803703703706,
        "std": 0.18898504877440758,
        "n": 5000
      }
    },
    "13": {
      "delta_accuracy": {
        "mean": -0.002792592592592592,
        "ci_lower": -0.004274999999999999,
        "ci_upper": -0.0013923456790123463,
        "std": 0.05376119182156673,
        "n": 5000
      },
      "ablated_accuracy": {
        "mean": 0.8236049382716049,
        "ci_lower": 0.8187127777777778,
        "ci_upper": 0.8289885185185186,
        "std": 0.18876065040895995,
        "n": 5000
      }
    },
    "14": {
      "delta_accuracy": {
        "mean": -0.0061209876543209885,
        "ci_lower": -0.007494135802469136,
        "ci_upper": -0.004727345679012347,
        "std": 0.048581748702217396,
        "n": 5000
      },
      "ablated_accuracy": {
        "mean": 0.8202765432098765,
        "ci_lower": 0.8152403086419753,
        "ci_upper": 0.8257756790123458,
        "std": 0.19082565621119896,
        "n": 5000
      }
    },
    "15": {
      "delta_accuracy": {
        "mean": -0.012024691358024699,
        "ci_lower": -0.013190246913580252,
        "ci_upper": -0.01084185185185186,
        "std": 0.04166355543939874,
        "n": 5000
      },
      "ablated_accuracy": {
        "mean": 0.8143728395061728,
        "ci_lower": 0.809710925925926,
        "ci_upper": 0.819654938271605,
        "std": 0.18499303543945508,
        "n": 5000
      }
    }
  }
}