{
  "model_name": "UT_best",
  "checkpoint": "checkpoints/baselines/universal_transformer/step_20832",
  "n_puzzles": 500,
  "max_steps": 16,
  "per_step_metrics": {
    "0": {
      "cell_accuracy": {
        "mean": 0.6595802490115166,
        "std": 0.0848647802341831
      },
      "puzzle_accuracy": {
        "mean": 0.01,
        "std": 0.09949874371066199
      },
      "unknown_cell_accuracy": {
        "mean": 0.5099224080443382,
        "std": 0.11902552140163161
      },
      "hamming_distance": {
        "mean": 27.574,
        "std": 6.874047133967005
      },
      "row_violations": {
        "mean": 24.5,
        "std": 6.019800661151497
      },
      "col_violations": {
        "mean": 24.0,
        "std": 5.927562736909666
      },
      "box_violations": {
        "mean": 26.01,
        "std": 6.694019719122434
      }
    },
    "1": {
      "cell_accuracy": {
        "mean": 0.7388641986250878,
        "std": 0.1612559774151347
      },
      "puzzle_accuracy": {
        "mean": 0.118,
        "std": 0.32260812141048156
      },
      "unknown_cell_accuracy": {
        "mean": 0.6246061950325966,
        "std": 0.23072502174547535
      },
      "hamming_distance": {
        "mean": 21.152,
        "std": 13.061734034958759
      },
      "row_violations": {
        "mean": 9.134,
        "std": 5.767845698352202
      },
      "col_violations": {
        "mean": 8.576,
        "std": 5.677343040542821
      },
      "box_violations": {
        "mean": 8.99,
        "std": 5.933455991241529
      }
    },
    "2": {
      "cell_accuracy": {
        "mean": 0.7647654324769974,
        "std": 0.1819516398255055
      },
      "puzzle_accuracy": {
        "mean": 0.274,
        "std": 0.44600896851969246
      },
      "unknown_cell_accuracy": {
        "mean": 0.6620964713543653,
        "std": 0.2605526601169238
      },
      "hamming_distance": {
        "mean": 19.054,
        "std": 14.738082778977732
      },
      "row_violations": {
        "mean": 7.836,
        "std": 6.474033055213728
      },
      "col_violations": {
        "mean": 7.558,
        "std": 6.285430454630773
      },
      "box_violations": {
        "mean": 7.986,
        "std": 6.719062732256636
      }
    },
    "3": {
      "cell_accuracy": {
        "mean": 0.7787654328942298,
        "std": 0.1877004491338295
      },
      "puzzle_accuracy": {
        "mean": 0.352,
        "std": 0.4775939698111775
      },
      "unknown_cell_accuracy": {
        "mean": 0.6822657320797444,
        "std": 0.2691358066729788
      },
      "hamming_distance": {
        "mean": 17.92,
        "std": 15.203736382876414
      },
      "row_violations": {
        "mean": 7.882,
        "std": 6.918097715412814
      },
      "col_violations": {
        "mean": 7.49,
        "std": 6.777160172225532
      },
      "box_violations": {
        "mean": 7.896,
        "std": 7.216175164171113
      }
    },
    "4": {
      "cell_accuracy": {
        "mean": 0.7862222211956977,
        "std": 0.1932468103026999
      },
      "puzzle_accuracy": {
        "mean": 0.392,
        "std": 0.48819668167655544
      },
      "unknown_cell_accuracy": {
        "mean": 0.6930458501875401,
        "std": 0.2769160355907149
      },
      "hamming_distance": {
        "mean": 17.316,
        "std": 15.652991535166688
      },
      "row_violations": {
        "mean": 7.462,
        "std": 7.172764878343636
      },
      "col_violations": {
        "mean": 7.024,
        "std": 6.829306260521635
      },
      "box_violations": {
        "mean": 7.574,
        "std": 7.366445818710676
      }
    },
    "5": {
      "cell_accuracy": {
        "mean": 0.7908641983866691,
        "std": 0.1948304611550596
      },
      "puzzle_accuracy": {
        "mean": 0.416,
        "std": 0.4928934976239796
      },
      "unknown_cell_accuracy": {
        "mean": 0.6997742271870375,
        "std": 0.27918392849149065
      },
      "hamming_distance": {
        "mean": 16.94,
        "std": 15.781267376228058
      },
      "row_violations": {
        "mean": 7.144,
        "std": 7.096426142784831
      },
      "col_violations": {
        "mean": 6.836,
        "std": 6.797727855688252
      },
      "box_violations": {
        "mean": 7.3,
        "std": 7.389587268582731
      }
    },
    "6": {
      "cell_accuracy": {
        "mean": 0.7920740746855736,
        "std": 0.19805064191034247
      },
      "puzzle_accuracy": {
        "mean": 0.428,
        "std": 0.49478884385159694
      },
      "unknown_cell_accuracy": {
        "mean": 0.7016264694482088,
        "std": 0.28352693741032486
      },
      "hamming_distance": {
        "mean": 16.842,
        "std": 16.042101981972312
      },
      "row_violations": {
        "mean": 7.124,
        "std": 7.176672209318188
      },
      "col_violations": {
        "mean": 6.754,
        "std": 6.879933429910497
      },
      "box_violations": {
        "mean": 7.382,
        "std": 7.549044707775945
      }
    },
    "7": {
      "cell_accuracy": {
        "mean": 0.7941481479406357,
        "std": 0.1969542996046708
      },
      "puzzle_accuracy": {
        "mean": 0.438,
        "std": 0.496141108959941
      },
      "unknown_cell_accuracy": {
        "mean": 0.7046104375272989,
        "std": 0.28211777325012344
      },
      "hamming_distance": {
        "mean": 16.674,
        "std": 15.953298216983221
      },
      "row_violations": {
        "mean": 7.094,
        "std": 7.280189832689804
      },
      "col_violations": {
        "mean": 6.808,
        "std": 7.04209741483317
      },
      "box_violations": {
        "mean": 7.302,
        "std": 7.640601808758261
      }
    },
    "8": {
      "cell_accuracy": {
        "mean": 0.7972839515209198,
        "std": 0.19745198993104535
      },
      "puzzle_accuracy": {
        "mean": 0.448,
        "std": 0.49728864857344174
      },
      "unknown_cell_accuracy": {
        "mean": 0.7091080623567104,
        "std": 0.2827793108529259
      },
      "hamming_distance": {
        "mean": 16.42,
        "std": 15.993611224485857
      },
      "row_violations": {
        "mean": 6.874,
        "std": 7.216517442645032
      },
      "col_violations": {
        "mean": 6.68,
        "std": 6.990679509175056
      },
      "box_violations": {
        "mean": 7.094,
        "std": 7.550441311605566
      }
    },
    "9": {
      "cell_accuracy": {
        "mean": 0.8001481491327286,
        "std": 0.19841186819193693
      },
      "puzzle_accuracy": {
        "mean": 0.458,
        "std": 0.4982328772772828
      },
      "unknown_cell_accuracy": {
        "mean": 0.7130960561037064,
        "std": 0.284364776968189
      },
      "hamming_distance": {
        "mean": 16.188,
        "std": 16.071361361129306
      },
      "row_violations": {
        "mean": 6.766,
        "std": 7.208553530355449
      },
      "col_violations": {
        "mean": 6.52,
        "std": 7.072594997594589
      },
      "box_violations": {
        "mean": 7.02,
        "std": 7.550867499830732
      }
    },
    "10": {
      "cell_accuracy": {
        "mean": 0.8011358032822609,
        "std": 0.1994415065909169
      },
      "puzzle_accuracy": {
        "mean": 0.462,
        "std": 0.4985539088203
      },
      "unknown_cell_accuracy": {
        "mean": 0.7144384397268295,
        "std": 0.28602988165680854
      },
      "hamming_distance": {
        "mean": 16.108,
        "std": 16.154762022388322
      },
      "row_violations": {
        "mean": 6.602,
        "std": 7.144200165168946
      },
      "col_violations": {
        "mean": 6.416,
        "std": 7.024168562897676
      },
      "box_violations": {
        "mean": 6.828,
        "std": 7.508023441625633
      }
    },
    "11": {
      "cell_accuracy": {
        "mean": 0.8030370371341705,
        "std": 0.19918133211096775
      },
      "puzzle_accuracy": {
        "mean": 0.472,