{
  "final_stats": {
    "alive_count": 256,
    "alive_frac": 1.0,
    "dead_count": 0,
    "mean_sparsity": 0.03125,
    "mean_activation": 0.1590821518132716,
    "L0": 8.0
  },
  "training_time_sec": 0.5266220569610596,
  "n_samples": 1296000,
  "best_recon_loss": 0.31684089115929526,
  "activation_shift_gamma": 0.33531278371810913,
  "config": {
    "input_dim": 512,
    "dict_size": 256,
    "l1_coeff": 0.01,
    "activation": "topk",
    "k": 8,
    "center_mean": false,
    "lr": 0.0003,
    "batch_size": 4096,
    "epochs": 1
  }
}