{
  "num_pairs": 20,
  "patch_steps": [
    4,
    8,
    12
  ],
  "near_dist": 5,
  "baseline_target_acc": {
    "mean": 0.9948333333333332,
    "ci_lower": 0.9896666666666667,
    "ci_upper": 0.9991111111111112,
    "std": 0.010716751626873643,
    "n": 20
  },
  "by_group_level_step": {
    "on_path": {
      "H": {
        "4": {
          "mean": 0.0006111111111111123,
          "ci_lower": 0.0,
          "ci_upper": 0.0018333333333333368,
          "std": 0.0026637715766081945,
          "n": 20
        },
        "8": {
          "mean": 0.0006666666666666655,
          "ci_lower": 0.0,
          "ci_upper": 0.001999999999999996,
          "std": 0.00290593262902711,
          "n": 20
        },
        "12": {
          "mean": 0.0007777777777777828,
          "ci_lower": 0.0,
          "ci_upper": 0.002166666666666678,
          "std": 0.002723922371584733,
          "n": 20
        }
      },
      "L": {
        "4": {
          "mean": 0.0,
          "ci_lower": 0.0,
          "ci_upper": 0.0,
          "std": 0.0,
          "n": 20
        },
        "8": {
          "mean": 0.00011111111111111182,
          "ci_lower": 0.0,
          "ci_upper": 0.0003333333333333355,
          "std": 0.00048432210483785566,
          "n": 20
        },
        "12": {
          "mean": 5.551115123125783e-18,
          "ci_lower": -0.00016666666666665942,
          "ci_upper": 0.00016666666666667607,
          "std": 0.00035136418446315553,
          "n": 20
        }
      }
    },
    "off_path": {
      "H": {
        "4": {
          "mean": 0.0011111111111111126,
          "ci_lower": 0.0,
          "ci_upper": 0.0033333333333333383,
          "std": 0.004843221048378534,
          "n": 20
        },
        "8": {
          "mean": 0.0011111111111111126,
          "ci_lower": 0.0,
          "ci_upper": 0.0033333333333333383,
          "std": 0.004843221048378534,
          "n": 20
        },
        "12": {
          "mean": 0.0011666666666666713,
          "ci_lower": 0.0,
          "ci_upper": 0.003388888888888897,
          "std": 0.0048365251274693115,
          "n": 20
        }
      },
      "L": {
        "4": {
          "mean": -0.0005555555555555314,
          "ci_lower": -0.0007777777777777439,
          "ci_upper": -0.00033333333333331885,
          "std": 0.0005555555555555314,
          "n": 20
        },
        "8": {
          "mean": -0.0004999999999999727,
          "ci_lower": -0.0007777777777777439,
          "ci_upper": -0.00022222222222220144,
          "std": 0.0006549903401417404,
          "n": 20
        },
        "12": {
          "mean": -0.0007222222222221907,
          "ci_lower": -0.0009999999999999564,
          "ci_upper": -0.0004444444444444251,
          "std": 0.0006358623967921721,
          "n": 20
        }
      }
    },
    "near_S": {
      "H": {
        "4": {
          "mean": 5.555555555555869e-05,
          "ci_lower": 0.0,
          "ci_upper": 0.00016666666666667607,
          "std": 0.00024216105241893997,
          "n": 20
        },
        "8": {
          "mean": 0.0,
          "ci_lower": 0.0,
          "ci_upper": 0.0,
          "std": 0.0,
          "n": 20
        },
        "12": {
          "mean": -0.00011111111111111182,
          "ci_lower": -0.0003333333333333355,
          "ci_upper": 0.0,
          "std": 0.0004843221048378557,
          "n": 20
        }
      },
      "L": {
        "4": {
          "mean": 0.0,
          "ci_lower": 0.0,
          "ci_upper": 0.0,
          "std": 0.0,
          "n": 20
        },
        "8": {
          "mean": 0.0,
          "ci_lower": 0.0,
          "ci_upper": 0.0,
          "std": 0.0,
          "n": 20
        },
        "12": {
          "mean": 5.555555555555869e-05,
          "ci_lower": 0.0,
          "ci_upper": 0.00016666666666667607,
          "std": 0.00024216105241894,
          "n": 20
        }
      }
    },
    "near_G": {
      "H": {
        "4": {
          "mean": 0.0,
          "ci_lower": 0.0,
          "ci_upper": 0.0,
          "std": 0.0,
          "n": 20
        },
        "8": {
          "mean": 0.0,
          "ci_lower": 0.0,
          "ci_upper": 0.0,
          "std": 0.0,
          "n": 20
        },
        "12": {
          "mean": 5.555555555555869e-05,
          "ci_lower": 0.0,
          "ci_upper": 0.00016666666666667607,
          "std": 0.00024216105241893997,
          "n": 20
        }
      },
      "L": {
        "4": {
          "mean": -5.555555555555314e-05,
          "ci_lower": -0.00016666666666665942,
          "ci_upper": 0.0,
          "std": 0.0002421610524189158,
          "n": 20
        },
        "8": {
          "mean": 5.551115123125783e-18,
          "ci_lower": -0.00016666666666665942,
          "ci_upper": 0.00016666666666667607,
          "std": 0.00035136418446315553,
          "n": 20
        },
        "12": {
          "mean": -0.00011111111111110628,
          "ci_lower": -0.0002777777777777657,
          "ci_upper": 0.0,
          "std": 0.00033333333333331885,
          "n": 20
        }
      }
    },
    "all": {
      "H": {
        "4": {
          "mean": 0.001722222222222225,
          "ci_lower": 0.0,
          "ci_upper": 0.0044444444444444505,
          "std": 0.005403188359149118,
          "n": 20
        },
        "8": {
          "mean": 0.001777777777777778,
          "ci_lower": 0.0,
          "ci_upper": 0.0044444444444444505,
          "std": 0.005515410509329273,
          "n": 20
        },
        "12": {
          "mean": 0.0018888888888888955,
          "ci_lower": 0.0,
          "ci_upper": 0.004555555555555563,
          "std": 0.005398902494780605,
          "n": 20
        }
      },
      "L": {
        "4": {
          "mean": -0.006222222222222185,
          "ci_lower": -0.012890277777777744,
          "ci_upper": -0.0009430555555555103,
          "std": 0.013007120557032811,
          "n": 20
        },
        "8": {
          "mean": -0.0053888888888888485,
          "ci_lower": -0.010723611111111066,
          "ci_upper": -0.0009430555555555103,
          "std": 0.010978514370249649,
          "n": 20
        },
        "12": {
          "mean": -0.00277777777777774,
          "ci_lower": -0.007666666666666627,
          "ci_upper": 0.0013888888888889284,
          "std": 0.010985399962936224,
          "n": 20
        }
      }
    }
  }
}