{
  "num_puzzles": 1000,
  "ablate_level": "L",
  "baseline_accuracy": {
    "mean": 0.8177037037037037,
    "ci_lower": 0.8070978395061728,
    "ci_upper": 0.8284111111111111,
    "std": 0.18734999852648465,
    "n": 1000
  },
  "all_steps_delta": {
    "mean": -0.19311111111111112,
    "ci_lower": -0.20268024691358028,
    "ci_upper": -0.18272654320987655,
    "std": 0.17302716267840418,
    "n": 1000
  },
  "per_step_ablation": {
    "0": {
      "delta_accuracy": {
        "mean": 0.0022345679012345672,
        "ci_lower": -0.003111111111111112,
        "ci_upper": 0.007691358024691358,
        "std": 0.08775705942220927,
        "n": 1000
      },
      "ablated_accuracy": {
        "mean": 0.8199382716049383,
        "ci_lower": 0.8092805555555556,
        "ci_upper": 0.8314447530864196,
        "std": 0.18890372531098057,
        "n": 1000
      }
    },
    "1": {
      "delta_accuracy": {
        "mean": -0.002654320987654321,
        "ci_lower": -0.00871635802469136,
        "ci_upper": 0.0031132716049382704,
        "std": 0.0946542292041608,
        "n": 1000
      },
      "ablated_accuracy": {
        "mean": 0.8150493827160494,
        "ci_lower": 0.8039376543209877,
        "ci_upper": 0.8256944444444445,
        "std": 0.18846504492764524,
        "n": 1000
      }
    },
    "2": {
      "delta_accuracy": {
        "mean": -0.007234567901234569,
        "ci_lower": -0.013782407407407406,
        "ci_upper": -0.0011469135802469163,
        "std": 0.10246214761237162,
        "n": 1000
      },
      "ablated_accuracy": {
        "mean": 0.8104691358024692,
        "ci_lower": 0.7994555555555556,
        "ci_upper": 0.8217037037037037,
        "std": 0.18730640912893856,
        "n": 1000
      }
    },
    "3": {
      "delta_accuracy": {
        "mean": -0.006061728395061728,
        "ci_lower": -0.011593209876543208,
        "ci_upper": -0.000801234567901236,
        "std": 0.0873686171512245,
        "n": 1000
      },
      "ablated_accuracy": {
        "mean": 0.811641975308642,
        "ci_lower": 0.8011848765432099,
        "ci_upper": 0.8231987654320987,
        "std": 0.18805875480782308,
        "n": 1000
      }
    },
    "4": {
      "delta_accuracy": {
        "mean": -0.0015555555555555568,
        "ci_lower": -0.006482098765432101,
        "ci_upper": 0.0029506172839506165,
        "std": 0.0737628482423645,
        "n": 1000
      },
      "ablated_accuracy": {
        "mean": 0.8161481481481481,
        "ci_lower": 0.8049728395061728,
        "ci_upper": 0.8273583333333333,
        "std": 0.18850697127635244,
        "n": 1000
      }
    },
    "5": {
      "delta_accuracy": {
        "mean": -0.001246913580246914,
        "ci_lower": -0.005605246913580248,
        "ci_upper": 0.0029259259259259256,
        "std": 0.07005430319058906,
        "n": 1000
      },
      "ablated_accuracy": {
        "mean": 0.8164567901234567,
        "ci_lower": 0.8054040123456789,
        "ci_upper": 0.8276824074074074,
        "std": 0.18811967599933507,
        "n": 1000
      }
    },
    "6": {
      "delta_accuracy": {
        "mean": -0.000123456790123456,
        "ci_lower": -0.00476574074074074,
        "ci_upper": 0.004234876543209877,
        "std": 0.07238811800361626,
        "n": 1000
      },
      "ablated_accuracy": {
        "mean": 0.8175802469135802,
        "ci_lower": 0.8067774691358025,
        "ci_upper": 0.8286194444444445,
        "std": 0.18929667271312275,
        "n": 1000
      }
    },
    "7": {
      "delta_accuracy": {
        "mean": 0.0006790123456790118,
        "ci_lower": -0.0033212962962962957,
        "ci_upper": 0.004729629629629626,
        "std": 0.06443211532411039,
        "n": 1000
      },
      "ablated_accuracy": {
        "mean": 0.8183827160493827,
        "ci_lower": 0.8082206790123456,
        "ci_upper": 0.8292222222222222,
        "std": 0.18833189846133908,
        "n": 1000
      }
    },
    "8": {
      "delta_accuracy": {
        "mean": -0.00054320987654321,
        "ci_lower": -0.00428425925925926,
        "ci_upper": 0.003037654320987654,
        "std": 0.06174575558345087,
        "n": 1000
      },
      "ablated_accuracy": {
        "mean": 0.8171604938271605,
        "ci_lower": 0.8070499999999999,
        "ci_upper": 0.8282496913580247,
        "std": 0.1889606496463459,
        "n": 1000
      }
    },
    "9": {
      "delta_accuracy": {
        "mean": -0.0009999999999999998,
        "ci_lower": -0.004654320987654319,
        "ci_upper": 0.0025929012345679014,
        "std": 0.057239817769644305,
        "n": 1000
      },
      "ablated_accuracy": {
        "mean": 0.8167037037037037,
        "ci_lower": 0.8065336419753086,
        "ci_upper": 0.8276070987654321,
        "std": 0.18857053419048111,
        "n": 1000
      }
    },
    "10": {
      "delta_accuracy": {
        "mean": -0.0011851851851851847,
        "ci_lower": -0.004691666666666666,
        "ci_upper": 0.002123765432098766,
        "std": 0.05557308913988232,
        "n": 1000
      },
      "ablated_accuracy": {
        "mean": 0.8165185185185184,
        "ci_lower": 0.806419135802469,
        "ci_upper": 0.8272975308641976,
        "std": 0.18760759489733114,
        "n": 1000
      }
    },
    "11": {
      "delta_accuracy": {
        "mean": -0.0007160493827160501,
        "ci_lower": -0.003939197530864198,
        "ci_upper": 0.0026052469135802456,
        "std": 0.05339935899356508,
        "n": 1000
      },
      "ablated_accuracy": {
        "mean": 0.8169876543209877,
        "ci_lower": 0.8064688271604937,
        "ci_upper": 0.8280373456790123,
        "std": 0.18753530338783078,
        "n": 1000
      }
    },
    "12": {
      "delta_accuracy": {
        "mean": -0.002901234567901234,
        "ci_lower": -0.0058271604938271585,
        "ci_upper": 6.172839506172834e-05,
        "std": 0.049153441526512874,
        "n": 1000
      },
      "ablated_accuracy": {
        "mean": 0.8148024691358026,
        "ci_lower": 0.804220061728395,
        "ci_upper": 0.8257376543209877,
        "std": 0.1879987899930902,
        "n": 1000
      }
    },
    "13": {
      "delta_accuracy": {
        "mean": -0.0009629629629629623,
        "ci_lower": -0.003741358024691357,
        "ci_upper": 0.0017663580246913583,
        "std": 0.0442690572346056,
        "n": 1000
      },
      "ablated_accuracy": {
        "mean": 0.8167407407407408,
        "ci_lower": 0.8064401234567901,
        "ci_upper": 0.8273361111111112,
        "std": 0.18683693978107785,
        "n": 1000
      }
    },
    "14": {
      "delta_accuracy": {
        "mean": -0.005419753086419755,
        "ci_lower": -0.00824753086419753,
        "ci_upper": -0.002728086419753088,
        "std": 0.046682796546157264,
        "n": 1000
      },
      "ablated_accuracy": {
        "mean": 0.812283950617284,
        "ci_lower": 0.8014287037037037,
        "ci_upper": 0.8232719135802469,
        "std": 0.1914475995049186,
        "n": 1000
      }
    },
    "15": {
      "delta_accuracy": {
        "mean": -0.009802469135802473,
        "ci_lower": -0.012420061728395066,
        "ci_upper": -0.00713518518518519,
        "std": 0.039831920911340364,
        "n": 1000
      },
      "ablated_accuracy": {
        "mean": 0.8079012345679013,
        "ci_lower": 0.7973808641975308,
        "ci_upper": 0.8188157407407407,
        "std": 0.18718606294608556,
        "n": 1000
      }
    }
  }
}