{
  "final_stats": {
    "alive_count": 4096,
    "alive_frac": 1.0,
    "dead_count": 0,
    "mean_sparsity": 0.3140560984611511,
    "mean_activation": 0.05286114125192901,
    "L0": 1286.3737283950618
  },
  "training_time_sec": 123.03750324249268,
  "n_samples": 1296000,
  "best_recon_loss": 0.0003496671313264228,
  "activation_shift_gamma": 0.3010423183441162,
  "config": {
    "input_dim": 512,
    "dict_size": 4096,
    "l1_coeff": 0.03,
    "activation": "relu",
    "k": 64,
    "center_mean": true,
    "lr": 0.0003,
    "batch_size": 4096,
    "epochs": 50
  }
}