{
  "final_stats": {
    "alive_count": 2048,
    "alive_frac": 1.0,
    "dead_count": 0,
    "mean_sparsity": 0.38915419578552246,
    "mean_activation": 0.2019389708719136,
    "L0": 796.9877530864197
  },
  "training_time_sec": 67.4444682598114,
  "n_samples": 1296000,
  "best_recon_loss": 0.0001548794075245866,
  "activation_shift_gamma": 0.3010423183441162,
  "config": {
    "input_dim": 512,
    "dict_size": 2048,
    "l1_coeff": 0.003,
    "activation": "relu",
    "k": 64,
    "center_mean": false,
    "lr": 0.0003,
    "batch_size": 4096,
    "epochs": 50
  }
}