{
  "final_stats": {
    "alive_count": 2048,
    "alive_frac": 1.0,
    "dead_count": 0,
    "mean_sparsity": 0.4447285532951355,
    "mean_activation": 0.07845326967592593,
    "L0": 910.804049382716
  },
  "training_time_sec": 67.33527660369873,
  "n_samples": 1296000,
  "best_recon_loss": 0.0005004991850138522,
  "activation_shift_gamma": 0.3010423183441162,
  "config": {
    "input_dim": 512,
    "dict_size": 2048,
    "l1_coeff": 0.03,
    "activation": "relu",
    "k": 64,
    "center_mean": true,
    "lr": 0.0003,
    "batch_size": 4096,
    "epochs": 50
  }
}