{
  "final_stats": {
    "alive_count": 1024,
    "alive_frac": 1.0,
    "dead_count": 0,
    "mean_sparsity": 0.7847452163696289,
    "mean_activation": 0.27217305652006174,
    "L0": 803.5791604938272
  },
  "training_time_sec": 38.84287977218628,
  "n_samples": 1296000,
  "best_recon_loss": 0.0001533791664855596,
  "activation_shift_gamma": 0.3010423183441162,
  "config": {
    "input_dim": 512,
    "dict_size": 1024,
    "l1_coeff": 0.003,
    "activation": "relu",
    "k": 64,
    "center_mean": true,
    "lr": 0.0003,
    "batch_size": 4096,
    "epochs": 50
  }
}