{
  "final_stats": {
    "alive_count": 2048,
    "alive_frac": 1.0,
    "dead_count": 0,
    "mean_sparsity": 0.3201683759689331,
    "mean_activation": 0.08395546995563272,
    "L0": 655.7047901234567
  },
  "training_time_sec": 67.49705529212952,
  "n_samples": 1296000,
  "best_recon_loss": 0.0005055726169790685,
  "activation_shift_gamma": 0.3010423183441162,
  "config": {
    "input_dim": 512,
    "dict_size": 2048,
    "l1_coeff": 0.03,
    "activation": "relu",
    "k": 64,
    "center_mean": false,
    "lr": 0.0003,
    "batch_size": 4096,
    "epochs": 50
  }
}