{
  "cos_consecutive": {
    "all_mean": [
      0.911177396774292,
      0.9461708068847656,
      0.9621423482894897,
      0.9753187298774719,
      0.9766294360160828,
      0.9809119701385498,
      0.9817746877670288,
      0.9837226867675781,
      0.9847941398620605,
      0.9853036403656006,
      0.9863414764404297,
      0.984515905380249,
      0.9847538471221924,
      0.9854188561439514,
      0.9813869595527649
    ],
    "all_std": [
      0.030967559665441513,
      0.04346790909767151,
      0.04386230930685997,
      0.036129724234342575,
      0.03546258434653282,
      0.032183971256017685,
      0.028169644996523857,
      0.026792537420988083,
      0.027298087254166603,
      0.023144859820604324,
      0.02264299988746643,
      0.027161749079823494,
      0.030361689627170563,
      0.027205567806959152,
      0.03780656307935715
    ],
    "success_mean": [
      0.9217243790626526,
      0.9377869367599487,
      0.9531625509262085,
      0.9731001257896423,
      0.9793896675109863,
      0.9849561452865601,
      0.992838978767395,
      0.9957915544509888,
      0.99653559923172,
      0.9990493059158325,
      0.9988897442817688,
      0.9991834163665771,
      0.9996953010559082,
      0.9997777342796326,
      0.9977462887763977
    ],
    "failure_mean": [
      0.9020103216171265,
      0.9534578919410706,
      0.9699471592903137,
      0.9772469997406006,
      0.9742304682731628,
      0.9773969650268555,
      0.9721581935882568,
      0.9732330441474915,
      0.974588930606842,
      0.9733564257621765,
      0.9754350781440735,
      0.9717675447463989,
      0.9717673659324646,
      0.9729385375976562,
      0.9671679139137268
    ]
  },
  "norms": {
    "all_mean": [
      7.628228187561035,
      7.242420673370361,
      7.254647731781006,
      7.515180587768555,
      7.718454360961914,
      7.8496994972229,
      7.955130100250244,
      7.986947059631348,
      8.025101661682129,
      8.056949615478516,
      8.039813995361328,
      8.056380271911621,
      8.05785846710205,
      8.047957420349121,
      8.056845664978027,
      8.07038688659668
    ],
    "all_std": [
      0.6608166098594666,
      0.606197714805603,
      1.06825590133667,
      1.2687116861343384,
      1.3399025201797485,
      1.3814027309417725,
      1.4103503227233887,
      1.4193605184555054,
      1.4066839218139648,
      1.4030929803848267,
      1.4204767942428589,
      1.4080512523651123,
      1.4133493900299072,
      1.4213083982467651,
      1.4171779155731201,
      1.4209033250808716
    ],
    "success_mean": [
      7.756202697753906,
      7.3027567863464355,
      7.787890434265137,
      8.393904685974121,
      8.750080108642578,
      9.042091369628906,
      9.283551216125488,
      9.358243942260742,
      9.414175987243652,
      9.463289260864258,
      9.472174644470215,
      9.491580963134766,
      9.49556827545166,
      9.499393463134766,
      9.498820304870605,
      9.532612800598145
    ],
    "failure_mean": [
      7.516997337341309,
      7.189979553222656,
      6.791175365447998,
      6.751429080963135,
      6.821808338165283,
      6.813321590423584,
      6.8005218505859375,
      6.795071125030518,
      6.817775249481201,
      6.834616184234619,
      6.794865608215332,
      6.808963298797607,
      6.808261394500732,
      6.786430358886719,
      6.803539276123047,
      6.799481391906738
    ]
  },
  "cos_final_alignment": {
    "all_mean": [
      0.8598366379737854,
      0.9012753963470459,
      0.926673412322998,
      0.9484497904777527,
      0.9564246535301208,
      0.9702714681625366,
      0.9755515456199646,
      0.9764322638511658,
      0.982286810874939,
      0.9807366728782654,
      0.984152615070343,
      0.9845502376556396,
      0.9820905327796936,
      0.9840023517608643,
      0.9813869595527649,
      1.0
    ],
    "all_std": [
      0.06603316962718964,
      0.07121439278125763,
      0.07913323491811752,
      0.07506323605775833,
      0.07083986699581146,
      0.056445252150297165,
      0.04801429063081741,
      0.048465799540281296,
      0.03373683616518974,
      0.04083476960659027,
      0.0367666594684124,
      0.033470477908849716,
      0.03974469006061554,
      0.03536662459373474,
      0.03780656307935715,
      9.821528834663695e-08
    ],
    "success_mean": [
      0.81812983751297,
      0.8534104824066162,
      0.8870537281036377,
      0.924785315990448,
      0.9457277655601501,
      0.9677924513816833,
      0.9821292757987976,
      0.9865788221359253,
      0.9915662407875061,
      0.9945576190948486,
      0.9956808686256409,
      0.9972643852233887,
      0.996604859828949,
      0.9968688488006592,
      0.9977462887763977,
      1.0
    ],
    "failure_mean": [
      0.8960865139961243,
      0.9428777694702148,
      0.9611092209815979,
      0.9690181016921997,
      0.9657219648361206,
      0.9724260568618774,
      0.969834566116333,
      0.9676134586334229,
      0.9742214679718018,
      0.9687239527702332,
      0.9741326570510864,
      0.9734995365142822,
      0.9694754481315613,
      0.9728193879127502,
      0.9671679139137268,
      1.0
    ]
  },
  "delta_norms": {
    "all_mean": [
      3.135223627090454,
      2.359797239303589,
      1.8147952556610107,
      1.3889034986495972,
      1.247709035873413,
      1.067041277885437,
      0.9885367751121521,
      0.9206870198249817,
      0.8770874738693237,
      0.8416871428489685,
      0.7835074663162231,
      0.8155467510223389,
      0.7927290201187134,
      0.790256679058075,
      0.8640226721763611
    ],
    "all_std": [
      0.49129167199134827,
      1.1025201082229614,
      1.2042163610458374,
      1.0702331066131592,
      1.1004116535186768,
      1.058279275894165,
      0.9737130999565125,
      0.9332080483436584,
      0.9135779738426208,
      0.8605784177780151,
      0.8439887166023254,
      0.9150432348251343,
      0.9005789756774902,
      0.8761003613471985,
      1.047672152519226
    ],
    "success_mean": [
      3.00454044342041,
      2.664853096008301,
      2.0833346843719482,
      1.4026411771774292,
      1.0580713748931885,
      0.7744539380073547,
      0.4369875192642212,
      0.29958438873291016,
      0.23978422582149506,
      0.1212645098567009,
      0.094659224152565,
      0.07852695137262344,
      0.04703241214156151,
      0.0412585623562336,
      0.09188654273748398
    ],
    "failure_mean": [
      3.2488083839416504,
      2.0946550369262695,
      1.5813918113708496,
      1.3769631385803223,
      1.4125339984893799,
      1.3213461637496948,
      1.4679208993911743,
      1.4605239629745483,
      1.4310054779052734,
      1.4678490161895752,
      1.3822261095046997,
      1.4561340808868408,
      1.4408578872680664,
      1.4412550926208496,
      1.535131573677063
    ]
  },
  "cos_updates": {
    "all_mean": [
      -0.2518948018550873,
      -0.11057352274656296,
      -0.11583729833364487,
      -0.13330386579036713,
      -0.037961266934871674,
      -0.047496624290943146,
      -0.02233481965959072,
      -0.036495309323072433,
      -0.08274176716804504,
      -0.10478316992521286,
      -0.1395241767168045,
      -0.23364128172397614,
      -0.24958977103233337,
      -0.2813494801521301
    ],
    "all_std": [
      0.24475610256195068,
      0.41147032380104065,
      0.45048004388809204,
      0.5341562628746033,
      0.5916941165924072,
      0.614686906337738,
      0.6089065670967102,
      0.5838136672973633,
      0.577916145324707,
      0.5437170267105103,
      0.4828706681728363,
      0.4605892598628998,
      0.44530993700027466,
      0.4529910087585449
    ]
  },
  "n_success": 93,
  "n_failure": 107,
  "n_high_acc": 93
}