{
  "checkpoint_id": 4,
  "step": 4000,
  "epoch": 20.48,
  "train_loss": 0.8829135802469136,
  "train_accuracy": 0.6056049382716049,
  "train_unknown_accuracy": 0.426995960364213,
  "test_loss": 0.892879012345679,
  "test_accuracy": 0.5988370370370371,
  "test_unknown_accuracy": 0.4177045737203726,
  "learning_rate": 8.681980515339464e-05,
  "timestamp": "2026-01-26T15:41:52.962315"
}