{
  "total_inputs": 1296000,
  "n_dead": 209,
  "n_rare_0.1pct": 1244,
  "n_rare_1pct": 1244,
  "alive_frac": 0.89794921875,
  "mean_fire_rate": 0.38915419578552246,
  "median_fire_rate": 5.401234375312924e-06,
  "fire_rate_distribution": {
    "0%": 209,
    "0-0.1%": 1035,
    "0.1-1%": 0,
    "1-10%": 0,
    "10-50%": 0,
    "50-100%": 804
  }
}