{
  "checkpoint_id": 7,
  "step": 35000,
  "epoch": 44.8,
  "train_loss": 0.013504224989149306,
  "train_accuracy": 0.994358024691358,
  "train_unknown_accuracy": 0.9918024259079217,
  "test_loss": 0.5199012345679013,
  "test_accuracy": 0.7987148148148148,
  "test_unknown_accuracy": 0.7076278557606605,
  "learning_rate": 7.708228984017721e-05,
  "timestamp": "2026-01-28T08:26:45.705259"
}