{
  "checkpoint_id": 9,
  "step": 9000,
  "epoch": 46.08,
  "train_loss": 0.7192493827160494,
  "train_accuracy": 0.6801259259259259,
  "train_unknown_accuracy": 0.534942077318792,
  "test_loss": 0.7660345679012346,
  "test_accuracy": 0.6559123456790124,
  "test_unknown_accuracy": 0.5003003175297583,
  "learning_rate": 1.3425421036992098e-05,
  "timestamp": "2026-01-26T17:01:42.103541"
}