{
  "n_puzzles": 300,
  "conditions": {
    "sae_top_features": {
      "mean_delta_acc": -0.12122139900724094,
      "std_delta_acc": 0.20276622371629152,
      "ci_lower_delta_acc": -0.12442207795207699,
      "ci_upper_delta_acc": -0.11809510238478581,
      "n_samples": 15000,
      "delta_acc": {
        "mean": -0.12122139900724094,
        "std": 0.20276622371629152,
        "ci_lower": -0.12442207795207699,
        "ci_upper": -0.11809510238478581,
        "n": 15000
      }
    },
    "random_sae_features": {
      "mean_delta_acc": -0.12371934072176616,
      "std_delta_acc": 0.20830396530750933,
      "ci_lower_delta_acc": -0.12702477286979558,
      "ci_upper_delta_acc": -0.12067158338834842,
      "n_samples": 15000,
      "delta_acc": {
        "mean": -0.12371934072176616,
        "std": 0.20830396530750933,
        "ci_lower": -0.12702477286979558,
        "ci_upper": -0.12067158338834842,
        "n": 15000
      }
    },
    "probe_directions": {
      "mean_delta_acc": 0.0,
      "std_delta_acc": 0.0,
      "ci_lower_delta_acc": 0.0,
      "ci_upper_delta_acc": 0.0,
      "n_samples": 0,
      "delta_acc": {
        "mean": 0.0,
        "std": 0.0,
        "ci_lower": 0.0,
        "ci_upper": 0.0,
        "n": 0
      }
    },
    "random_directions": {
      "mean_delta_acc": 0.0,
      "std_delta_acc": 0.0,
      "ci_lower_delta_acc": 0.0,
      "ci_upper_delta_acc": 0.0,
      "n_samples": 0,
      "delta_acc": {
        "mean": 0.0,
        "std": 0.0,
        "ci_lower": 0.0,
        "ci_upper": 0.0,
        "n": 0
      }
    }
  },
  "statistical_tests": {
    "sae_vs_random_features": {
      "t_statistic": 1.0523811573713577,
      "p_value": 0.29263318695970403,
      "significant_0.05": false,
      "n_pairs": 300,
      "paired_t_statistic": 0.7585130434092008,
      "paired_p_value": 0.44874138222215787,
      "wilcoxon_stat": 19300.0,
      "wilcoxon_p_value": 0.14801603928904944,
      "cohens_d_paired": 0.04379277097961444,
      "mean_paired_delta": {
        "mean": 0.0024979417145252233,
        "std": 0.05694490089100236,
        "ci_lower": -0.003975948224663732,
        "ci_upper": 0.009234710711836815,
        "n": 300
      }
    }
  },
  "per_item_means": {
    "sae_898": {
      "mean_delta_acc": -0.11534979472557703,
      "std_delta_acc": 0.20910003575538277,
      "n": 300,
      "delta_acc": {
        "mean": -0.11534979472557703,
        "std": 0.20910003575538277,
        "ci_lower": -0.1386430063744386,
        "ci_upper": -0.09275720218320688,
        "n": 300
      }
    },
    "sae_446": {
      "mean_delta_acc": -0.1210699596007665,
      "std_delta_acc": 0.19785825131337786,
      "n": 300,
      "delta_acc": {
        "mean": -0.1210699596007665,
        "std": 0.19785825131337786,
        "ci_lower": -0.14317078287154436,
        "ci_upper": -0.09826852092891933,
        "n": 300
      }
    },
    "sae_788": {
      "mean_delta_acc": -0.11806584338347118,
      "std_delta_acc": 0.19692783101604194,
      "n": 300,
      "delta_acc": {
        "mean": -0.11806584338347118,
        "std": 0.19692783101604194,
        "ci_lower": -0.13968929977715017,
        "ci_upper": -0.09658436148862044,
        "n": 300
      }
    },
    "sae_101": {
      "mean_delta_acc": -0.12020576010147731,
      "std_delta_acc": 0.19779328924403178,
      "n": 300,
      "delta_acc": {
        "mean": -0.12020576010147731,
        "std": 0.19779328924403178,
        "ci_lower": -0.14283950322369734,
        "ci_upper": -0.09871810634682576,
        "n": 300
      }
    },
    "sae_439": {
      "mean_delta_acc": -0.12432098597288131,
      "std_delta_acc": 0.20770790751510307,
      "n": 300,
      "delta_acc": {
        "mean": -0.12432098597288131,
        "std": 0.20770790751510307,
        "ci_lower": -0.1472932086090247,
        "ci_upper": -0.10155864043782155,
        "n": 300
      }
    },
    "sae_1725": {
      "mean_delta_acc": -0.11711934079726537,
      "std_delta_acc": 0.20290646708366877,
      "n": 300,
      "delta_acc": {
        "mean": -0.11711934079726537,
        "std": 0.20290646708366877,
        "ci_lower": -0.14000308474401632,
        "ci_upper": -0.09435596724351247,
        "n": 300
      }
    },
    "sae_1868": {
      "mean_delta_acc": -0.12711934198935826,
      "std_delta_acc": 0.20224894768285898,
      "n": 300,
      "delta_acc": {
        "mean": -0.12711934198935826,
        "std": 0.20224894768285898,
        "ci_lower": -0.14964094661672908,
        "ci_upper": -0.10522530937194824,
        "n": 300
      }
    },
    "sae_766": {
      "mean_delta_acc": -0.12337448557217916,
      "std_delta_acc": 0.2056608645705576,
      "n": 300,
      "delta_acc": {
        "mean": -0.12337448557217916,
        "std": 0.2056608645705576,
        "ci_lower": -0.1459783959686756,
        "ci_upper": -0.10106172920266787,
        "n": 300
      }
    },
    "sae_2031": {
      "mean_delta_acc": -0.11662551373243332,
      "std_delta_acc": 0.2015135377266961,
      "n": 300,
      "delta_acc": {
        "mean": -0.11662551373243332,
        "std": 0.2015135377266961,
        "ci_lower": -0.1387037032023072,
        "ci_upper": -0.0932860074142615,
        "n": 300
      }
    },
    "sae_300": {
      "mean_delta_acc": -0.12547325025002162,
      "std_delta_acc": 0.19873475237494462,
      "n": 300,
      "delta_acc": {
        "mean": -0.12547325025002162,
        "std": 0.19873475237494462,
        "ci_lower": -0.14815946657707293,
        "ci_upper": -0.10357613158474367,
        "n": 300
      }
    },
    "sae_1889": {
      "mean_delta_acc": -0.11888888955116272,
      "std_delta_acc": 0.2053690879933449,
      "n": 300,
      "delta_acc": {
        "mean": -0.11888888955116272,
        "std": 0.2053690879933449,
        "ci_lower": -0.14181687285999459,
        "ci_upper": -0.0969465020671487,
        "n": 300
      }
    },
    "sae_1475": {
      "mean_delta_acc": -0.1263786017894745,
      "std_delta_acc": 0.20183856984223997,
      "n": 300,
      "delta_acc": {
        "mean": -0.1263786017894745,
        "std": 0.20183856984223997,
        "ci_lower": -0.1477037049656113,
        "ci_upper": -0.10374177081386249,
        "n": 300
      }
    },
    "sae_423": {
      "mean_delta_acc": -0.12366255054871242,
      "std_delta_acc": 0.2072149271497165,
      "n": 300,
      "delta_acc": {
        "mean": -0.12366255054871242,
        "std": 0.2072149271497165,
        "ci_lower": -0.14717078029861055,
        "ci_upper": -0.0998744848817587,
        "n": 300
      }
    },
    "sae_1992": {
      "mean_delta_acc": -0.1186831267674764,
      "std_delta_acc": 0.20166097272379574,
      "n": 300,
      "delta_acc": {
        "mean": -0.1186831267674764,
        "std": 0.20166097272379574,
        "ci_lower": -0.1413179005285104,
        "ci_upper": -0.09716049439956743,
        "n": 300
      }
    },
    "sae_557": {
      "mean_delta_acc": -0.12185185174147288,
      "std_delta_acc": 0.19726052711671216,
      "n": 300,
      "delta_acc": {
        "mean": -0.12185185174147288,
        "std": 0.19726052711671216,
        "ci_lower": -0.14370370362202328,
        "ci_upper": -0.09982201666136584,
        "n": 300
      }
    },
    "sae_790": {
      "mean_delta_acc": -0.12283950606981914,
      "std_delta_acc": 0.2080607118651052,
      "n": 300,
      "delta_acc": {
        "mean": -0.12283950606981914,
        "std": 0.2080607118651052,
        "ci_lower": -0.1466327167029182,
        "ci_upper": -0.10011522440115611,
        "n": 300
      }
    },
    "sae_1888": {
      "mean_delta_acc": -0.11687242796023686,
      "std_delta_acc": 0.19422211641691167,
      "n": 300,
      "delta_acc": {
        "mean": -0.11687242796023686,
        "std": 0.19422211641691167,
        "ci_lower": -0.1379444448798895,
        "ci_upper": -0.09460802362114192,
        "n": 300
      }
    },
    "sae_1143": {
      "mean_delta_acc": -0.12938271701335907,