{
  "num_puzzles": 500,
  "baseline_accuracy": {
    "mean": 0.8029382716049382,
    "ci_lower": 0.7868882716049382,
    "ci_upper": 0.8175067901234568,
    "std": 0.18903833190985495,
    "n": 500
  },
  "per_pair": {
    "0->2": {
      "donor_step": 0,
      "recipient_step": 2,
      "delta_accuracy": {
        "mean": -0.0060246913580246884,
        "ci_lower": -0.015091358024691354,
        "ci_upper": 0.0039018518518518534,
        "std": 0.1124757461704708,
        "n": 500
      },
      "transferred_accuracy": {
        "mean": 0.7969135802469136,
        "ci_lower": 0.7801475308641975,
        "ci_upper": 0.8137320987654322,
        "std": 0.19016654153473106,
        "n": 500
      }
    },
    "1->2": {
      "donor_step": 1,
      "recipient_step": 2,
      "delta_accuracy": {
        "mean": 0.0006913580246913576,
        "ci_lower": -0.007259259259259261,
        "ci_upper": 0.009185185185185183,
        "std": 0.09058133642960657,
        "n": 500
      },
      "transferred_accuracy": {
        "mean": 0.8036296296296296,
        "ci_lower": 0.7875975308641975,
        "ci_upper": 0.8197654320987654,
        "std": 0.18849436892058366,
        "n": 500
      }
    },
    "3->2": {
      "donor_step": 3,
      "recipient_step": 2,
      "delta_accuracy": {
        "mean": 0.006444444444444446,
        "ci_lower": -0.0006179012345678991,
        "ci_upper": 0.013629629629629632,
        "std": 0.07741982691240322,
        "n": 500
      },
      "transferred_accuracy": {
        "mean": 0.8093827160493827,
        "ci_lower": 0.7930858024691357,
        "ci_upper": 0.8248148148148148,
        "std": 0.18948843766289705,
        "n": 500
      }
    },
    "4->2": {
      "donor_step": 4,
      "recipient_step": 2,
      "delta_accuracy": {
        "mean": 0.00874074074074074,
        "ci_lower": 0.0021975308641975283,
        "ci_upper": 0.015532716049382715,
        "std": 0.07672492965168749,
        "n": 500
      },
      "transferred_accuracy": {
        "mean": 0.811679012345679,
        "ci_lower": 0.794641975308642,
        "ci_upper": 0.8270407407407407,
        "std": 0.1915329682194478,
        "n": 500
      }
    },
    "5->2": {
      "donor_step": 5,
      "recipient_step": 2,
      "delta_accuracy": {
        "mean": 0.005333333333333334,
        "ci_lower": 0.0005679012345679016,
        "ci_upper": 0.010642592592592592,
        "std": 0.05959955789027595,
        "n": 500
      },
      "transferred_accuracy": {
        "mean": 0.8082716049382715,
        "ci_lower": 0.7915543209876543,
        "ci_upper": 0.8237530864197531,
        "std": 0.19136881689997162,
        "n": 500
      }
    },
    "6->2": {
      "donor_step": 6,
      "recipient_step": 2,
      "delta_accuracy": {
        "mean": 0.0031604938271604967,
        "ci_lower": -0.0018296296296296244,
        "ci_upper": 0.008618518518518522,
        "std": 0.06194340824762151,
        "n": 500
      },
      "transferred_accuracy": {
        "mean": 0.8060987654320988,
        "ci_lower": 0.7898746913580247,
        "ci_upper": 0.8215123456790123,
        "std": 0.19117377190761908,
        "n": 500
      }
    },
    "7->2": {
      "donor_step": 7,
      "recipient_step": 2,
      "delta_accuracy": {
        "mean": 0.004320987654320988,
        "ci_lower": -0.001358024691358026,
        "ci_upper": 0.010222839506172837,
        "std": 0.06520049857539052,
        "n": 500
      },
      "transferred_accuracy": {
        "mean": 0.8072592592592592,
        "ci_lower": 0.7899728395061728,
        "ci_upper": 0.8224228395061728,
        "std": 0.19223512885140845,
        "n": 500
      }
    },
    "8->2": {
      "donor_step": 8,
      "recipient_step": 2,
      "delta_accuracy": {
        "mean": 0.00545679012345679,
        "ci_lower": 0.00022037037037037164,
        "ci_upper": 0.010543827160493825,
        "std": 0.059871625100297615,
        "n": 500
      },
      "transferred_accuracy": {
        "mean": 0.8083950617283951,
        "ci_lower": 0.7914555555555556,
        "ci_upper": 0.8232604938271605,
        "std": 0.19214636498089055,
        "n": 500
      }
    },
    "9->2": {
      "donor_step": 9,
      "recipient_step": 2,
      "delta_accuracy": {
        "mean": 0.012913580246913582,
        "ci_lower": 0.007061111111111113,
        "ci_upper": 0.01926234567901235,
        "std": 0.06858675725563106,
        "n": 500
      },
      "transferred_accuracy": {
        "mean": 0.8158518518518517,
        "ci_lower": 0.799133950617284,
        "ci_upper": 0.8300753086419752,
        "std": 0.18999071203603712,
        "n": 500
      }
    },
    "10->0": {
      "donor_step": 10,
      "recipient_step": 0,
      "delta_accuracy": {
        "mean": 0.007728395061728396,
        "ci_lower": 0.002048765432098768,
        "ci_upper": 0.013803086419753087,
        "std": 0.06647678032829693,
        "n": 500
      },
      "transferred_accuracy": {
        "mean": 0.8106666666666666,
        "ci_lower": 0.7939012345679013,
        "ci_upper": 0.8267660493827161,
        "std": 0.19122938886259472,
        "n": 500
      }
    },
    "10->1": {
      "donor_step": 10,
      "recipient_step": 1,
      "delta_accuracy": {
        "mean": 0.00834567901234568,
        "ci_lower": 0.003431481481481483,
        "ci_upper": 0.013506172839506173,
        "std": 0.061021912705263595,
        "n": 500
      },
      "transferred_accuracy": {
        "mean": 0.811283950617284,
        "ci_lower": 0.7953543209876542,
        "ci_upper": 0.8263234567901235,
        "std": 0.1923487709540865,
        "n": 500
      }
    },
    "10->2": {
      "donor_step": 10,
      "recipient_step": 2,
      "delta_accuracy": {
        "mean": 0.00511111111111111,
        "ci_lower": -6.172839506182934e-07,
        "ci_upper": 0.01101296296296296,
        "std": 0.060776116367227864,
        "n": 500
      },
      "transferred_accuracy": {
        "mean": 0.8080493827160494,
        "ci_lower": 0.7909092592592593,
        "ci_upper": 0.8238771604938272,
        "std": 0.19018745756192715,
        "n": 500
      }
    },
    "10->3": {
      "donor_step": 10,
      "recipient_step": 3,
      "delta_accuracy": {
        "mean": 0.004543209876543211,
        "ci_lower": 7.345679012345758e-05,
        "ci_upper": 0.009161111111111113,
        "std": 0.054181324385885084,
        "n": 500
      },
      "transferred_accuracy": {
        "mean": 0.8074814814814814,
        "ci_lower": 0.7907154320987654,
        "ci_upper": 0.822667901234568,
        "std": 0.1923443968958363,
        "n": 500
      }
    },
    "10->4": {
      "donor_step": 10,
      "recipient_step": 4,
      "delta_accuracy": {
        "mean": 0.006296296296296297,
        "ci_lower": 0.0017277777777777775,
        "ci_upper": 0.011308641975308642,
        "std": 0.05567052575547105,
        "n": 500
      },
      "transferred_accuracy": {
        "mean": 0.8092345679012345,
        "ci_lower": 0.7919975308641976,
        "ci_upper": 0.8244944444444444,
        "std": 0.1923675861943987,
        "n": 500
      }
    },
    "10->5": {
      "donor_step": 10,
      "recipient_step": 5,
      "delta_accuracy": {
        "mean": 0.007086419753086421,
        "ci_lower": 0.002172222222222224,
        "ci_upper": 0.012099382716049385,
        "std": 0.05747907911487377,
        "n": 500
      },
      "transferred_accuracy": {
        "mean": 0.8100246913580247,
        "ci_lower": 0.793720987654321,
        "ci_upper": 0.8247932098765431,
        "std": 0.18966011200475888,
        "n": 500
      }
    },
    "10->6": {
      "donor_step": 10,
      "recipient_step": 6,
      "delta_accuracy": {
        "mean": 0.006123456790123457,
        "ci_lower": 0.0012839506172839532,
        "ci_upper": 0.010866049382716049,
        "std": 0.05302319519583954,
        "n": 500
      },
      "transferred_accuracy": {
        "mean": 0.8090617283950616,
        "ci_lower": 0.7927814814814815,