{
  "final_stats": {
    "alive_count": 2048,
    "alive_frac": 1.0,
    "dead_count": 0,
    "mean_sparsity": 0.35215479135513306,
    "mean_activation": 0.10861944203317901,
    "L0": 721.213037037037
  },
  "training_time_sec": 67.6126561164856,
  "n_samples": 1296000,
  "best_recon_loss": 0.000241250394474809,
  "activation_shift_gamma": 0.3349527418613434,
  "config": {
    "input_dim": 512,
    "dict_size": 2048,
    "l1_coeff": 0.01,
    "activation": "relu",
    "k": 64,
    "center_mean": false,
    "lr": 0.0003,
    "batch_size": 4096,
    "epochs": 50
  }
}