{
  "final_stats": {
    "alive_count": 1024,
    "alive_frac": 1.0,
    "dead_count": 0,
    "mean_sparsity": 0.5614492297172546,
    "mean_activation": 0.1010753761574074,
    "L0": 574.9239506172839
  },
  "training_time_sec": 38.87180733680725,
  "n_samples": 1296000,
  "best_recon_loss": 0.0007446342653210043,
  "activation_shift_gamma": 0.3349527418613434,
  "config": {
    "input_dim": 512,
    "dict_size": 1024,
    "l1_coeff": 0.03,
    "activation": "relu",
    "k": 64,
    "center_mean": true,
    "lr": 0.0003,
    "batch_size": 4096,
    "epochs": 50
  }
}