{
  "final_stats": {
    "alive_count": 1024,
    "alive_frac": 1.0,
    "dead_count": 0,
    "mean_sparsity": 0.693528950214386,
    "mean_activation": 0.14675921103395062,
    "L0": 710.1736296296297
  },
  "training_time_sec": 38.937408208847046,
  "n_samples": 1296000,
  "best_recon_loss": 0.0003255209639486313,
  "activation_shift_gamma": 0.3349527418613434,
  "config": {
    "input_dim": 512,
    "dict_size": 1024,
    "l1_coeff": 0.01,
    "activation": "relu",
    "k": 64,
    "center_mean": true,
    "lr": 0.0003,
    "batch_size": 4096,
    "epochs": 50
  }
}