{
  "n_puzzles": 200,
  "baseline": {
    "mean_accuracy": 0.8197530864197532,
    "std_accuracy": 0.18501226494520698,
    "median_accuracy": 0.808641975308642
  },
  "freeze_conditions": {
    "freeze_at_0": {
      "mean_delta_accuracy": -0.09049382716049383,
      "std_delta_accuracy": 0.14071967570318897,
      "median_delta_accuracy": -0.04938271604938271,
      "mean_final_accuracy": 0.7292592592592593,
      "mean_broken_cells": 10.41,
      "n_puzzles_hurt": 126,
      "n_puzzles_helped": 53,
      "n_puzzles_unchanged": 21,
      "n_puzzles": 200
    },
    "freeze_at_1": {
      "mean_delta_accuracy": -0.05666666666666667,
      "std_delta_accuracy": 0.12527178196547442,
      "median_delta_accuracy": 0.0,
      "mean_final_accuracy": 0.7630864197530863,
      "mean_broken_cells": 7.685,
      "n_puzzles_hurt": 99,
      "n_puzzles_helped": 51,
      "n_puzzles_unchanged": 50,
      "n_puzzles": 200
    },
    "freeze_at_2": {
      "mean_delta_accuracy": -0.03666666666666668,
      "std_delta_accuracy": 0.09945676253876798,
      "median_delta_accuracy": 0.0,
      "mean_final_accuracy": 0.7830864197530863,
      "mean_broken_cells": 5.315,
      "n_puzzles_hurt": 81,
      "n_puzzles_helped": 54,
      "n_puzzles_unchanged": 65,
      "n_puzzles": 200
    },
    "freeze_at_4": {
      "mean_delta_accuracy": -0.021913580246913585,
      "std_delta_accuracy": 0.0717478087240208,
      "median_delta_accuracy": 0.0,
      "mean_final_accuracy": 0.7978395061728395,
      "mean_broken_cells": 3.615,
      "n_puzzles_hurt": 67,
      "n_puzzles_helped": 47,
      "n_puzzles_unchanged": 86,
      "n_puzzles": 200
    },
    "freeze_at_8": {
      "mean_delta_accuracy": -0.004629629629629637,
      "std_delta_accuracy": 0.03995572728997488,
      "median_delta_accuracy": 0.0,
      "mean_final_accuracy": 0.8151234567901234,
      "mean_broken_cells": 2.14,
      "n_puzzles_hurt": 52,
      "n_puzzles_helped": 39,
      "n_puzzles_unchanged": 109,
      "n_puzzles": 200
    },
    "freeze_at_12": {
      "mean_delta_accuracy": -0.001358024691358025,
      "std_delta_accuracy": 0.023352268755477367,
      "median_delta_accuracy": 0.0,
      "mean_final_accuracy": 0.8183950617283952,
      "mean_broken_cells": 1.61,
      "n_puzzles_hurt": 45,
      "n_puzzles_helped": 35,
      "n_puzzles_unchanged": 120,
      "n_puzzles": 200
    }
  }
}