{
  "num_puzzles": 4,
  "ablate_level": "L",
  "baseline_accuracy": {
    "mean": 0.7438271604938271,
    "ci_lower": 0.6049382716049382,
    "ci_upper": 0.9228395061728395,
    "std": 0.15819218553999384,
    "n": 4
  },
  "all_steps_delta": {
    "mean": -0.07098765432098766,
    "ci_lower": -0.2438271604938272,
    "ci_upper": 0.04938271604938271,
    "std": 0.15770970729680517,
    "n": 4
  },
  "per_step_ablation": {
    "0": {
      "delta_accuracy": {
        "mean": 0.0,
        "ci_lower": 0.0,
        "ci_upper": 0.0,
        "std": 0.0,
        "n": 4
      },
      "ablated_accuracy": {
        "mean": 0.7438271604938271,
        "ci_lower": 0.6049382716049382,
        "ci_upper": 0.9228395061728395,
        "std": 0.15819218553999384,
        "n": 4
      }
    },
    "1": {
      "delta_accuracy": {
        "mean": 0.09876543209876545,
        "ci_lower": 0.0030864197530864335,
        "ci_upper": 0.23765432098765435,
        "std": 0.1134862735237669,
        "n": 4
      },
      "ablated_accuracy": {
        "mean": 0.8425925925925926,
        "ci_lower": 0.6851851851851851,
        "ci_upper": 1.0,
        "std": 0.15795113064103686,
        "n": 4
      }
    },
    "2": {
      "delta_accuracy": {
        "mean": 0.02160493827160495,
        "ci_lower": 0.0,
        "ci_upper": 0.04629629629629631,
        "std": 0.02204144576710757,
        "n": 4
      },
      "ablated_accuracy": {
        "mean": 0.7654320987654321,
        "ci_lower": 0.6450617283950617,
        "ci_upper": 0.9228395061728395,
        "std": 0.14685650930086813,
        "n": 4
      }
    },
    "3": {
      "delta_accuracy": {
        "mean": 0.05246913580246915,
        "ci_lower": 0.006172839506172839,
        "ci_upper": 0.09876543209876543,
        "std": 0.04650160238678815,
        "n": 4
      },
      "ablated_accuracy": {
        "mean": 0.7962962962962963,
        "ci_lower": 0.7037037037037036,
        "ci_upper": 0.9290123456790124,
        "std": 0.12174742545256803,
        "n": 4
      }
    },
    "4": {
      "delta_accuracy": {
        "mean": 0.030864197530864196,
        "ci_lower": 0.0,
        "ci_upper": 0.06172839506172839,
        "std": 0.032075014954979206,
        "n": 4
      },
      "ablated_accuracy": {
        "mean": 0.7746913580246914,
        "ci_lower": 0.6666666666666666,
        "ci_upper": 0.9228395061728395,
        "std": 0.13730232357737793,
        "n": 4
      }
    },
    "5": {
      "delta_accuracy": {
        "mean": 0.05246913580246915,
        "ci_lower": 0.009259259259259273,
        "ci_upper": 0.10185185185185186,
        "std": 0.0448328365627591,
        "n": 4
      },
      "ablated_accuracy": {
        "mean": 0.7962962962962963,
        "ci_lower": 0.7098765432098765,
        "ci_upper": 0.9320987654320988,
        "std": 0.120489020345328,
        "n": 4
      }
    },
    "6": {
      "delta_accuracy": {
        "mean": 0.03395061728395063,
        "ci_lower": -0.009259259259259217,
        "ci_upper": 0.09259259259259259,
        "std": 0.05336918662281043,
        "n": 4
      },
      "ablated_accuracy": {
        "mean": 0.7777777777777778,
        "ci_lower": 0.6851851851851851,
        "ci_upper": 0.9228395061728395,
        "std": 0.13036242025890665,
        "n": 4
      }
    },
    "7": {
      "delta_accuracy": {
        "mean": -0.003086419753086378,
        "ci_lower": -0.0246913580246913,
        "ci_upper": 0.012345679012345734,
        "std": 0.020239007791055554,
        "n": 4
      },
      "ablated_accuracy": {
        "mean": 0.7407407407407408,
        "ci_lower": 0.5802469135802469,
        "ci_upper": 0.9259259259259259,
        "std": 0.16791938899673386,
        "n": 4
      }
    },
    "8": {
      "delta_accuracy": {
        "mean": 0.027777777777777818,
        "ci_lower": 0.0030864197530864335,
        "ci_upper": 0.04938271604938277,
        "std": 0.02370723996255745,
        "n": 4
      },
      "ablated_accuracy": {
        "mean": 0.7716049382716049,
        "ci_lower": 0.6604938271604939,
        "ci_upper": 0.9259259259259259,
        "std": 0.13899173147157656,
        "n": 4
      }
    },
    "9": {
      "delta_accuracy": {
        "mean": 0.015432098765432112,
        "ci_lower": 0.0,
        "ci_upper": 0.04012345679012347,
        "std": 0.020239007791055554,
        "n": 4
      },
      "ablated_accuracy": {
        "mean": 0.7592592592592592,
        "ci_lower": 0.6265432098765432,
        "ci_upper": 0.9228395061728395,
        "std": 0.1538263678318162,
        "n": 4
      }
    },
    "10": {
      "delta_accuracy": {
        "mean": 0.02777777777777779,
        "ci_lower": -0.018518518518518517,
        "ci_upper": 0.10185185185185189,
        "std": 0.06317743669894668,
        "n": 4
      },
      "ablated_accuracy": {
        "mean": 0.7716049382716049,
        "ci_lower": 0.6790123456790123,
        "ci_upper": 0.9259259259259259,
        "std": 0.13311023859782609,
        "n": 4
      }
    },
    "11": {
      "delta_accuracy": {
        "mean": 0.03395061728395066,
        "ci_lower": -0.009259259259259217,
        "ci_upper": 0.08333333333333337,
        "std": 0.04811252243246882,
        "n": 4
      },
      "ablated_accuracy": {
        "mean": 0.7777777777777778,
        "ci_lower": 0.6790123456790124,
        "ci_upper": 0.9197530864197531,
        "std": 0.13181578088927545,
        "n": 4
      }
    },
    "12": {
      "delta_accuracy": {
        "mean": 0.030864197530864224,
        "ci_lower": 0.006172839506172839,
        "ci_upper": 0.052469135802469175,
        "std": 0.022256489354716004,
        "n": 4
      },
      "ablated_accuracy": {
        "mean": 0.7746913580246914,
        "ci_lower": 0.6604938271604939,
        "ci_upper": 0.9290123456790124,
        "std": 0.13757956227174487,
        "n": 4
      }
    },
    "13": {
      "delta_accuracy": {
        "mean": 0.012345679012345706,
        "ci_lower": -0.009259259259259217,
        "ci_upper": 0.046296296296296335,
        "std": 0.028953183702613773,
        "n": 4
      },
      "ablated_accuracy": {
        "mean": 0.7561728395061728,
        "ci_lower": 0.6203703703703703,
        "ci_upper": 0.9197530864197531,
        "std": 0.15915275412782393,
        "n": 4
      }
    },
    "14": {
      "delta_accuracy": {
        "mean": 0.012345679012345678,
        "ci_lower": 0.0,
        "ci_upper": 0.024691358024691357,
        "std": 0.012345679012345678,
        "n": 4
      },
      "ablated_accuracy": {
        "mean": 0.7561728395061729,
        "ci_lower": 0.611111111111111,
        "ci_upper": 0.9290123456790124,
        "std": 0.15552003317708793,
        "n": 4
      }
    },
    "15": {
      "delta_accuracy": {
        "mean": 0.03395061728395063,
        "ci_lower": -0.018518518518518517,
        "ci_upper": 0.12654320987654322,
        "std": 0.08066132311958012,
        "n": 4
      },
      "ablated_accuracy": {
        "mean": 0.7777777777777778,
        "ci_lower": 0.6851851851851851,
        "ci_upper": 0.9259259259259259,
        "std": 0.13094570021973104,
        "n": 4
      }
    }
  }
}