{
  "checkpoint_id": 11,
  "step": 55000,
  "epoch": 70.4,
  "train_loss": 0.0036038843979070215,
  "train_accuracy": 0.9985753086419753,
  "train_unknown_accuracy": 0.9979318329265102,
  "test_loss": 0.5698469135802469,
  "test_accuracy": 0.7960185185185186,
  "test_unknown_accuracy": 0.7039121863799284,
  "learning_rate": 4.924552772419723e-05,
  "timestamp": "2026-01-29T06:46:40.270887"
}