{
  "num_puzzles": 200,
  "ablate_level": "L",
  "baseline_accuracy": {
    "mean": 0.8125308641975308,
    "ci_lower": 0.784814814814815,
    "ci_upper": 0.8375354938271605,
    "std": 0.1842613892384697,
    "n": 200
  },
  "all_steps_delta": {
    "mean": -0.2075925925925926,
    "ci_lower": -0.23304012345679015,
    "ci_upper": -0.1835679012345679,
    "std": 0.1760550857906096,
    "n": 200
  },
  "per_step_ablation": {
    "0": {
      "delta_accuracy": {
        "mean": 0.012654320987654323,
        "ci_lower": 0.00012037037037037649,
        "ci_upper": 0.02605092592592593,
        "std": 0.09454273510354788,
        "n": 200
      },
      "ablated_accuracy": {
        "mean": 0.8251851851851852,
        "ci_lower": 0.7975895061728395,
        "ci_upper": 0.8501851851851852,
        "std": 0.18620476524899335,
        "n": 200
      }
    },
    "1": {
      "delta_accuracy": {
        "mean": -0.00012345679012345734,
        "ci_lower": -0.014629629629629628,
        "ci_upper": 0.015621913580246907,
        "std": 0.11177435791510613,
        "n": 200
      },
      "ablated_accuracy": {
        "mean": 0.8124074074074074,
        "ci_lower": 0.7850570987654322,
        "ci_upper": 0.8367391975308641,
        "std": 0.18491625534448408,
        "n": 200
      }
    },
    "2": {
      "delta_accuracy": {
        "mean": -0.008395061728395062,
        "ci_lower": -0.025867283950617284,
        "ci_upper": 0.006853395061728393,
        "std": 0.11810473033774387,
        "n": 200
      },
      "ablated_accuracy": {
        "mean": 0.8041358024691359,
        "ci_lower": 0.7772746913580248,
        "ci_upper": 0.830125,
        "std": 0.18500269815174672,
        "n": 200
      }
    },
    "3": {
      "delta_accuracy": {
        "mean": -0.0051234567901234564,
        "ci_lower": -0.01777932098765432,
        "ci_upper": 0.007228395061728391,
        "std": 0.09275111943792518,
        "n": 200
      },
      "ablated_accuracy": {
        "mean": 0.8074074074074074,
        "ci_lower": 0.7796280864197529,
        "ci_upper": 0.8328472222222222,
        "std": 0.18366453850391515,
        "n": 200
      }
    },
    "4": {
      "delta_accuracy": {
        "mean": -0.0012962962962962976,
        "ci_lower": -0.012415123456790121,
        "ci_upper": 0.0092608024691358,
        "std": 0.0788230516055482,
        "n": 200
      },
      "ablated_accuracy": {
        "mean": 0.8112345679012346,
        "ci_lower": 0.7834552469135802,
        "ci_upper": 0.8367469135802469,
        "std": 0.1853357001490357,
        "n": 200
      }
    },
    "5": {
      "delta_accuracy": {
        "mean": 0.007716049382716051,
        "ci_lower": -0.0012962962962962932,
        "ci_upper": 0.017098765432098765,
        "std": 0.0671500252825177,
        "n": 200
      },
      "ablated_accuracy": {
        "mean": 0.8202469135802468,
        "ci_lower": 0.7932608024691358,
        "ci_upper": 0.8457438271604939,
        "std": 0.1856111972298903,
        "n": 200
      }
    },
    "6": {
      "delta_accuracy": {
        "mean": 0.007839506172839508,
        "ci_lower": -0.005131172839506162,
        "ci_upper": 0.020998456790123445,
        "std": 0.09452451620611127,
        "n": 200
      },
      "ablated_accuracy": {
        "mean": 0.8203703703703704,
        "ci_lower": 0.7930246913580248,
        "ci_upper": 0.8452546296296296,
        "std": 0.18732813593702685,
        "n": 200
      }
    },
    "7": {
      "delta_accuracy": {
        "mean": 0.0029629629629629646,
        "ci_lower": -0.00784259259259259,
        "ci_upper": 0.013581790123456791,
        "std": 0.076645093483724,
        "n": 200
      },
      "ablated_accuracy": {
        "mean": 0.8154938271604938,
        "ci_lower": 0.7885740740740741,
        "ci_upper": 0.8416697530864197,
        "std": 0.18614646594148027,
        "n": 200
      }
    },
    "8": {
      "delta_accuracy": {
        "mean": 0.004753086419753088,
        "ci_lower": -0.0027793209876543156,
        "ci_upper": 0.01272376543209876,
        "std": 0.055811174618665714,
        "n": 200
      },
      "ablated_accuracy": {
        "mean": 0.8172839506172841,
        "ci_lower": 0.7911712962962963,
        "ci_upper": 0.8432098765432099,
        "std": 0.18344864810870826,
        "n": 200
      }
    },
    "9": {
      "delta_accuracy": {
        "mean": 0.00425925925925926,
        "ci_lower": -0.003458333333333333,
        "ci_upper": 0.013211419753086415,
        "std": 0.0583599129463872,
        "n": 200
      },
      "ablated_accuracy": {
        "mean": 0.8167901234567901,
        "ci_lower": 0.7901172839506172,
        "ci_upper": 0.8426589506172839,
        "std": 0.18380738478643105,
        "n": 200
      }
    },
    "10": {
      "delta_accuracy": {
        "mean": 0.002530864197530867,
        "ci_lower": -0.003765432098765428,
        "ci_upper": 0.00938425925925926,
        "std": 0.051856224095497574,
        "n": 200
      },
      "ablated_accuracy": {
        "mean": 0.8150617283950617,
        "ci_lower": 0.787587962962963,
        "ci_upper": 0.8395725308641975,
        "std": 0.18311168377925288,
        "n": 200
      }
    },
    "11": {
      "delta_accuracy": {
        "mean": 0.006049382716049384,
        "ci_lower": -0.0022854938271604916,
        "ci_upper": 0.015560185185185184,
        "std": 0.06337302921740616,
        "n": 200
      },
      "ablated_accuracy": {
        "mean": 0.8185802469135802,
        "ci_lower": 0.7917777777777778,
        "ci_upper": 0.8443842592592593,
        "std": 0.18321668775399247,
        "n": 200
      }
    },
    "12": {
      "delta_accuracy": {
        "mean": 0.00234567901234568,
        "ci_lower": -0.004814814814814811,
        "ci_upper": 0.010992283950617281,
        "std": 0.05322104663483976,
        "n": 200
      },
      "ablated_accuracy": {
        "mean": 0.8148765432098765,
        "ci_lower": 0.78758487654321,
        "ci_upper": 0.8400154320987654,
        "std": 0.1851501921670705,
        "n": 200
      }
    },
    "13": {
      "delta_accuracy": {
        "mean": 0.003950617283950619,
        "ci_lower": -0.00265586419753086,
        "ci_upper": 0.0108641975308642,
        "std": 0.05256360413636899,
        "n": 200
      },
      "ablated_accuracy": {
        "mean": 0.8164814814814815,
        "ci_lower": 0.7894413580246913,
        "ci_upper": 0.8414243827160494,
        "std": 0.1811985595977651,
        "n": 200
      }
    },
    "14": {
      "delta_accuracy": {
        "mean": -0.000864197530864198,
        "ci_lower": -0.008024691358024692,
        "ci_upper": 0.007347222222222223,
        "std": 0.05580888742724123,
        "n": 200
      },
      "ablated_accuracy": {
        "mean": 0.8116666666666665,
        "ci_lower": 0.7839490740740741,
        "ci_upper": 0.8384645061728395,
        "std": 0.18590804391570073,
        "n": 200
      }
    },
    "15": {
      "delta_accuracy": {
        "mean": -0.014629629629629637,
        "ci_lower": -0.020987654320987658,
        "ci_upper": -0.008209876543209885,
        "std": 0.046145061625177224,
        "n": 200
      },
      "ablated_accuracy": {
        "mean": 0.7979012345679013,
        "ci_lower": 0.7691296296296295,
        "ci_upper": 0.824212962962963,
        "std": 0.18673960786658717,
        "n": 200
      }
    }
  }
}