{
  "num_puzzles": 20,
  "ablate_level": "L",
  "baseline_accuracy": {
    "mean": 0.8364197530864196,
    "ci_lower": 0.7524382716049383,
    "ci_upper": 0.9148302469135803,
    "std": 0.19077469832370314,
    "n": 20
  },
  "all_steps_delta": {
    "mean": -0.1876543209876543,
    "ci_lower": -0.27592592592592596,
    "ci_upper": -0.09751543209876543,
    "std": 0.20295785641348632,
    "n": 20
  },
  "per_step_ablation": {
    "0": {
      "delta_accuracy": {
        "mean": 0.024691358024691367,
        "ci_lower": 0.003086419753086428,
        "ci_upper": 0.05560185185185181,
        "std": 0.06497628329353466,
        "n": 20
      },
      "ablated_accuracy": {
        "mean": 0.861111111111111,
        "ci_lower": 0.7796141975308641,
        "ci_upper": 0.9345679012345679,
        "std": 0.18034307429866211,
        "n": 20
      }
    },
    "1": {
      "delta_accuracy": {
        "mean": 0.0234567901234568,
        "ci_lower": 0.003086419753086428,
        "ci_upper": 0.05555555555555556,
        "std": 0.06281755176893111,
        "n": 20
      },
      "ablated_accuracy": {
        "mean": 0.8598765432098766,
        "ci_lower": 0.7777623456790124,
        "ci_upper": 0.9327623456790124,
        "std": 0.1793855199325444,
        "n": 20
      }
    },
    "2": {
      "delta_accuracy": {
        "mean": -0.02777777777777778,
        "ci_lower": -0.07779320987654319,
        "ci_upper": 0.007438271604938259,
        "std": 0.0989870199438298,
        "n": 20
      },
      "ablated_accuracy": {
        "mean": 0.8086419753086419,
        "ci_lower": 0.7296141975308642,
        "ci_upper": 0.8839660493827161,
        "std": 0.18421556857367682,
        "n": 20
      }
    },
    "3": {
      "delta_accuracy": {
        "mean": 0.004320987654320996,
        "ci_lower": -0.006172839506172839,
        "ci_upper": 0.014814814814814826,
        "std": 0.025383808882656903,
        "n": 20
      },
      "ablated_accuracy": {
        "mean": 0.8407407407407408,
        "ci_lower": 0.7567746913580246,
        "ci_upper": 0.9179166666666667,
        "std": 0.1858383542722276,
        "n": 20
      }
    },
    "4": {
      "delta_accuracy": {
        "mean": 0.012962962962962964,
        "ci_lower": 0.0012345679012345733,
        "ci_upper": 0.02654320987654321,
        "std": 0.0285489656292523,
        "n": 20
      },
      "ablated_accuracy": {
        "mean": 0.8493827160493828,
        "ci_lower": 0.7703703703703704,
        "ci_upper": 0.9234722222222222,
        "std": 0.17635749534310857,
        "n": 20
      }
    },
    "5": {
      "delta_accuracy": {
        "mean": 0.02407407407407408,
        "ci_lower": 0.001836419753086431,
        "ci_upper": 0.057422839506172836,
        "std": 0.06630847992514408,
        "n": 20
      },
      "ablated_accuracy": {
        "mean": 0.8604938271604938,
        "ci_lower": 0.7796141975308641,
        "ci_upper": 0.9339506172839507,
        "std": 0.17878231282415283,
        "n": 20
      }
    },
    "6": {
      "delta_accuracy": {
        "mean": 0.011728395061728403,
        "ci_lower": 0.0012345679012345733,
        "ci_upper": 0.023456790123456795,
        "std": 0.026326997669303853,
        "n": 20
      },
      "ablated_accuracy": {
        "mean": 0.8481481481481481,
        "ci_lower": 0.7666666666666666,
        "ci_upper": 0.9222222222222222,
        "std": 0.1774989239627261,
        "n": 20
      }
    },
    "7": {
      "delta_accuracy": {
        "mean": 0.0037037037037037147,
        "ci_lower": -0.009876543209876526,
        "ci_upper": 0.017916666666666668,
        "std": 0.031256762718943606,
        "n": 20
      },
      "ablated_accuracy": {
        "mean": 0.8401234567901235,
        "ci_lower": 0.756141975308642,
        "ci_upper": 0.9173456790123455,
        "std": 0.18454519039429892,
        "n": 20
      }
    },
    "8": {
      "delta_accuracy": {
        "mean": 0.013580246913580257,
        "ci_lower": 0.0018518518518518602,
        "ci_upper": 0.02902777777777778,
        "std": 0.03096280544193692,
        "n": 20
      },
      "ablated_accuracy": {
        "mean": 0.85,
        "ci_lower": 0.7715895061728396,
        "ci_upper": 0.9246913580246913,
        "std": 0.1747371575438088,
        "n": 20
      }
    },
    "9": {
      "delta_accuracy": {
        "mean": 0.013580246913580249,
        "ci_lower": -0.004320987654320987,
        "ci_upper": 0.0382716049382716,
        "std": 0.05236372854431726,
        "n": 20
      },
      "ablated_accuracy": {
        "mean": 0.85,
        "ci_lower": 0.7611111111111111,
        "ci_upper": 0.9265586419753086,
        "std": 0.19364523191159974,
        "n": 20
      }
    },
    "10": {
      "delta_accuracy": {
        "mean": 0.009259259259259262,
        "ci_lower": 0.0006172839506172811,
        "ci_upper": 0.020987654320987655,
        "std": 0.024026543772874775,
        "n": 20
      },
      "ablated_accuracy": {
        "mean": 0.8456790123456791,
        "ci_lower": 0.7641975308641975,
        "ci_upper": 0.9197530864197532,
        "std": 0.17790204847270577,
        "n": 20
      }
    },
    "11": {
      "delta_accuracy": {
        "mean": 0.012345679012345684,
        "ci_lower": -0.001234567901234568,
        "ci_upper": 0.029027777777777777,
        "std": 0.03578117715108504,
        "n": 20
      },
      "ablated_accuracy": {
        "mean": 0.8487654320987655,
        "ci_lower": 0.7703395061728395,
        "ci_upper": 0.9234876543209877,
        "std": 0.17388900940932026,
        "n": 20
      }
    },
    "12": {
      "delta_accuracy": {
        "mean": 0.010493827160493829,
        "ci_lower": -0.001867283950617267,
        "ci_upper": 0.026543209876543218,
        "std": 0.0327276941773125,
        "n": 20
      },
      "ablated_accuracy": {
        "mean": 0.8469135802469137,
        "ci_lower": 0.7653858024691359,
        "ci_upper": 0.9216358024691359,
        "std": 0.18267433624622684,
        "n": 20
      }
    },
    "13": {
      "delta_accuracy": {
        "mean": 0.00432098765432099,
        "ci_lower": -0.008641975308641974,
        "ci_upper": 0.020385802469135784,
        "std": 0.03409620859170735,
        "n": 20
      },
      "ablated_accuracy": {
        "mean": 0.8407407407407408,
        "ci_lower": 0.7561574074074074,
        "ci_upper": 0.9191358024691357,
        "std": 0.18497518957695552,
        "n": 20
      }
    },
    "14": {
      "delta_accuracy": {
        "mean": 0.0061728395061728504,
        "ci_lower": -0.0030864197530864057,
        "ci_upper": 0.017283950617283956,
        "std": 0.02293108101358854,
        "n": 20
      },
      "ablated_accuracy": {
        "mean": 0.8425925925925926,
        "ci_lower": 0.7592283950617285,
        "ci_upper": 0.9179166666666667,
        "std": 0.18624695613461753,
        "n": 20
      }
    },
    "15": {
      "delta_accuracy": {
        "mean": 0.005555555555555552,
        "ci_lower": -0.01111111111111111,
        "ci_upper": 0.022222222222222227,
        "std": 0.03952063778397315,
        "n": 20
      },
      "ablated_accuracy": {
        "mean": 0.8419753086419753,
        "ci_lower": 0.7617129629629629,
        "ci_upper": 0.916682098765432,
        "std": 0.17683219031895187,
        "n": 20
      }
    }
  }
}