{
  "checkpoint_id": 1,
  "step": 1000,
  "epoch": 5.12,
  "train_loss": 1.3160296296296297,
  "train_accuracy": 0.46329135802469135,
  "train_unknown_accuracy": 0.2195032621536318,
  "test_loss": 1.3208,
  "test_accuracy": 0.4608172839506173,
  "test_unknown_accuracy": 0.21732141225047177,
  "learning_rate": 5e-05,
  "timestamp": "2026-01-26T14:54:00.051890"
}