{
  "token_acc": 0.42828473471034106,
  "exact_solved": 0.0,
  "colour_cell_acc": 0.4755722639933166,
  "eos_acc": 0.10708874458874458,
  "background_acc": 0.0,
  "shape_correct": 0.0,
  "height_correct": 0.0,
  "width_correct": 0.0,
  "num_colours_correct": 0.66,
  "colour_iou": 0.0749963100187236,
  "n_puzzles": 100
}