{
  "num_puzzles": 200,
  "max_steps": 16,
  "per_step": [
    {
      "step": 0,
      "token_acc": {
        "mean": 0.9797833333333332,
        "std": 0.021311822922882417,
        "n": 200
      },
      "path_cell_acc": {
        "mean": 0.9244240298354996,
        "std": 0.08659473506703375,
        "n": 200
      },
      "exact_solved": {
        "mean": 0.18,
        "std": 0.38418745424597095,
        "n": 200
      },
      "zH_norm": {
        "mean": 0.9999977856949124,
        "std": 6.0689957627449785e-06,
        "n": 200
      },
      "zL_norm": {
        "mean": 0.9999950053223502,
        "std": 5.155651731597285e-06,
        "n": 200
      },
      "cos_zH_prev": {
        "mean": 1.0,
        "std": 0.0,
        "n": 200
      },
      "cos_zH_final": {
        "mean": 0.9047563219070435,
        "std": 0.037944287789252976,
        "n": 200
      }
    },
    {
      "step": 1,
      "token_acc": {
        "mean": 0.9931055555555556,
        "std": 0.017483430427298094,
        "n": 200
      },
      "path_cell_acc": {
        "mean": 0.9737812483789972,
        "std": 0.06672447559282921,
        "n": 200
      },
      "exact_solved": {
        "mean": 0.75,
        "std": 0.4330127018922193,
        "n": 200
      },
      "zH_norm": {
        "mean": 0.9999974653320106,
        "std": 5.8938650663411626e-06,
        "n": 200
      },
      "zL_norm": {
        "mean": 0.9999959434958973,
        "std": 5.248417900736088e-06,
        "n": 200
      },
      "cos_zH_prev": {
        "mean": 0.9180791437625885,
        "std": 0.035384568000477075,
        "n": 200
      },
      "cos_zH_final": {
        "mean": 0.9855866056680679,
        "std": 0.030051762356776788,
        "n": 200
      }
    },
    {
      "step": 2,
      "token_acc": {
        "mean": 0.9930444444444443,
        "std": 0.018189075543737856,
        "n": 200
      },
      "path_cell_acc": {
        "mean": 0.9730504887708115,
        "std": 0.06997710202971297,
        "n": 200
      },
      "exact_solved": {
        "mean": 0.79,
        "std": 0.40730823708832603,
        "n": 200
      },
      "zH_norm": {
        "mean": 0.9999974716224463,
        "std": 6.276544118981222e-06,
        "n": 200
      },
      "zL_norm": {
        "mean": 0.9999960099947888,
        "std": 5.51573526053799e-06,
        "n": 200
      },
      "cos_zH_prev": {
        "mean": 0.9905212438106537,
        "std": 0.019380060545695084,
        "n": 200
      },
      "cos_zH_final": {
        "mean": 0.995180652141571,
        "std": 0.017284512988676552,
        "n": 200
      }
    },
    {
      "step": 3,
      "token_acc": {
        "mean": 0.9928111111111112,
        "std": 0.01786952367980775,
        "n": 200
      },
      "path_cell_acc": {
        "mean": 0.9714640263568589,
        "std": 0.07267835246488549,
        "n": 200
      },
      "exact_solved": {
        "mean": 0.78,
        "std": 0.4142463035441596,
        "n": 200
      },
      "zH_norm": {
        "mean": 0.9999971907994256,
        "std": 5.519306436197739e-06,
        "n": 200
      },
      "zL_norm": {
        "mean": 0.9999961901708386,
        "std": 5.22005287799451e-06,
        "n": 200
      },
      "cos_zH_prev": {
        "mean": 0.9961904755234718,
        "std": 0.013217634394509523,
        "n": 200
      },
      "cos_zH_final": {
        "mean": 0.9982308766245842,
        "std": 0.00926838320765869,
        "n": 200
      }
    },
    {
      "step": 4,
      "token_acc": {
        "mean": 0.9929444444444445,
        "std": 0.017219264979079482,
        "n": 200
      },
      "path_cell_acc": {
        "mean": 0.9727879617967153,
        "std": 0.06719935014217944,
        "n": 200
      },
      "exact_solved": {
        "mean": 0.78,
        "std": 0.4142463035441596,
        "n": 200
      },
      "zH_norm": {
        "mean": 0.9999976109106643,
        "std": 5.144714997135638e-06,
        "n": 200
      },
      "zL_norm": {
        "mean": 0.9999955503436685,
        "std": 5.4112491338862686e-06,
        "n": 200
      },
      "cos_zH_prev": {
        "mean": 0.9984151744842529,
        "std": 0.008300667269558474,
        "n": 200
      },
      "cos_zH_final": {
        "mean": 0.9988312220573425,
        "std": 0.006274143892173831,
        "n": 200
      }
    },
    {
      "step": 5,
      "token_acc": {
        "mean": 0.9928277777777779,
        "std": 0.018020495019303456,
        "n": 200
      },
      "path_cell_acc": {
        "mean": 0.9718540743178504,
        "std": 0.07344654903060908,
        "n": 200
      },
      "exact_solved": {
        "mean": 0.78,
        "std": 0.4142463035441596,
        "n": 200
      },
      "zH_norm": {
        "mean": 0.9999974549977233,
        "std": 5.1316171579306525e-06,
        "n": 200
      },
      "zL_norm": {
        "mean": 0.999995796119976,
        "std": 4.959635648103189e-06,
        "n": 200
      },
      "cos_zH_prev": {
        "mean": 0.9994698137044906,
        "std": 0.0029268454734433414,
        "n": 200
      },
      "cos_zH_final": {
        "mean": 0.9992211535573006,
        "std": 0.003976543533711175,
        "n": 200
      }
    },
    {
      "step": 6,
      "token_acc": {
        "mean": 0.9929166666666667,
        "std": 0.017752216867301492,
        "n": 200
      },
      "path_cell_acc": {
        "mean": 0.9724894884930876,
        "std": 0.07049154538305814,
        "n": 200
      },
      "exact_solved": {
        "mean": 0.785,
        "std": 0.41082234603292944,
        "n": 200
      },
      "zH_norm": {
        "mean": 0.9999978095087044,
        "std": 6.055382779576143e-06,
        "n": 200
      },
      "zL_norm": {
        "mean": 0.9999964723418097,
        "std": 4.858837005520986e-06,
        "n": 200
      },
      "cos_zH_prev": {
        "mean": 0.9995586368441581,
        "std": 0.002149249319141912,
        "n": 200
      },
      "cos_zH_final": {
        "mean": 0.9990800470113754,
        "std": 0.005404540915556308,
        "n": 200
      }
    },
    {
      "step": 7,
      "token_acc": {
        "mean": 0.99275,
        "std": 0.01824725161107899,
        "n": 200
      },
      "path_cell_acc": {
        "mean": 0.9720338130557584,
        "std": 0.07214791209276734,
        "n": 200
      },
      "exact_solved": {
        "mean": 0.775,
        "std": 0.41758232721225164,
        "n": 200
      },
      "zH_norm": {
        "mean": 0.9999975866475554,
        "std": 5.0488214247524e-06,
        "n": 200
      },
      "zL_norm": {
        "mean": 0.9999959151889368,
        "std": 5.278212159582554e-06,
        "n": 200
      },
      "cos_zH_prev": {
        "mean": 0.9993019390106201,
        "std": 0.0032291406839676236,
        "n": 200
      },
      "cos_zH_final": {
        "mean": 0.9991655051708221,
        "std": 0.004274442370127844,
        "n": 200
      }
    },
    {
      "step": 8,
      "token_acc": {
        "mean": 0.9928999999999999,
        "std": 0.017346786090060632,
        "n": 200
      },
      "path_cell_acc": {
        "mean": 0.9723791400572119,
        "std": 0.06904625094905872,
        "n": 200
      },
      "exact_solved": {
        "mean": 0.775,
        "std": 0.41758232721225164,
        "n": 200
      },
      "zH_norm": {
        "mean": 0.9999973898467825,
        "std": 5.345740311939997e-06,
        "n": 200
      },
      "zL_norm": {
        "mean": 0.9999957799445701,
        "std": 4.832540381260047e-06,
        "n": 200
      },
      "cos_zH_prev": {
        "mean": 0.9994873631000519,
        "std": 0.00240204731244784,
        "n": 200
      },
      "cos_zH_final": {
        "mean": 0.9990912622213364,
        "std": 0.005402316453977107,
        "n": 200
      }
    },
    {
      "step": 9,
      "token_acc": {
        "mean": 0.9925777777777778,
        "std": 0.01832921165789735,
        "n": 200
      },
      "path_cell_acc": {
        "mean": 0.9714264245133074,