{
  "num_puzzles": 5000,
  "ablate_level": "H",
  "baseline_accuracy": {
    "mean": 0.8263975308641976,
    "ci_lower": 0.8214762962962961,
    "ci_upper": 0.8318007407407407,
    "std": 0.1885721465840245,
    "n": 5000
  },
  "all_steps_delta": {
    "mean": -0.3737679012345679,
    "ci_lower": -0.3790051851851852,
    "ci_upper": -0.3687911111111111,
    "std": 0.18634642698199488,
    "n": 5000
  },
  "per_step_ablation": {
    "0": {
      "delta_accuracy": {
        "mean": 0.0,
        "ci_lower": 0.0,
        "ci_upper": 0.0,
        "std": 0.0,
        "n": 5000
      },
      "ablated_accuracy": {
        "mean": 0.8263975308641976,
        "ci_lower": 0.8214762962962961,
        "ci_upper": 0.8318007407407407,
        "std": 0.1885721465840245,
        "n": 5000
      }
    },
    "1": {
      "delta_accuracy": {
        "mean": -0.10120987654320987,
        "ci_lower": -0.10626166666666667,
        "ci_upper": -0.09658956790123457,
        "std": 0.1803016980839659,
        "n": 5000
      },
      "ablated_accuracy": {
        "mean": 0.7251876543209878,
        "ci_lower": 0.719950185185185,
        "ci_upper": 0.7306573456790124,
        "std": 0.20005010192446243,
        "n": 5000
      }
    },
    "2": {
      "delta_accuracy": {
        "mean": -0.05061975308641976,
        "ci_lower": -0.05496629629629629,
        "ci_upper": -0.04621716049382716,
        "std": 0.16103714302206318,
        "n": 5000
      },
      "ablated_accuracy": {
        "mean": 0.7757777777777778,
        "ci_lower": 0.7705168518518518,
        "ci_upper": 0.7814878395061728,
        "std": 0.1952843533460614,
        "n": 5000
      }
    },
    "3": {
      "delta_accuracy": {
        "mean": -0.06303950617283952,
        "ci_lower": -0.06746228395061729,
        "ci_upper": -0.05883203703703704,
        "std": 0.1605062300810567,
        "n": 5000
      },
      "ablated_accuracy": {
        "mean": 0.7633580246913579,
        "ci_lower": 0.7578220987654322,
        "ci_upper": 0.7688787037037037,
        "std": 0.19593902419907258,
        "n": 5000
      }
    },
    "4": {
      "delta_accuracy": {
        "mean": -0.07716296296296296,
        "ci_lower": -0.08151382716049382,
        "ci_upper": -0.0728038888888889,
        "std": 0.16336053260275027,
        "n": 5000
      },
      "ablated_accuracy": {
        "mean": 0.7492345679012345,
        "ci_lower": 0.7441968518518518,
        "ci_upper": 0.7546914814814815,
        "std": 0.19466448689987306,
        "n": 5000
      }
    },
    "5": {
      "delta_accuracy": {
        "mean": -0.08366913580246915,
        "ci_lower": -0.08802314814814816,
        "ci_upper": -0.07915327160493828,
        "std": 0.1636245270419995,
        "n": 5000
      },
      "ablated_accuracy": {
        "mean": 0.7427283950617284,
        "ci_lower": 0.7371455555555556,
        "ci_upper": 0.7481446296296296,
        "std": 0.19408879055502648,
        "n": 5000
      }
    },
    "6": {
      "delta_accuracy": {
        "mean": -0.08722716049382717,
        "ci_lower": -0.09153598765432099,
        "ci_upper": -0.08253567901234568,
        "std": 0.16249273855723118,
        "n": 5000
      },
      "ablated_accuracy": {
        "mean": 0.7391703703703705,
        "ci_lower": 0.7341898765432099,
        "ci_upper": 0.7446066049382717,
        "std": 0.1899174048408532,
        "n": 5000
      }
    },
    "7": {
      "delta_accuracy": {
        "mean": -0.09021728395061729,
        "ci_lower": -0.09435061728395062,
        "ci_upper": -0.08566086419753087,
        "std": 0.16219148770243025,
        "n": 5000
      },
      "ablated_accuracy": {
        "mean": 0.7361802469135802,
        "ci_lower": 0.7309401851851851,
        "ci_upper": 0.7416263580246913,
        "std": 0.18663553190931112,
        "n": 5000
      }
    },
    "8": {
      "delta_accuracy": {
        "mean": -0.09538024691358025,
        "ci_lower": -0.10000111111111111,
        "ci_upper": -0.0908072839506173,
        "std": 0.16430490054913055,
        "n": 5000
      },
      "ablated_accuracy": {
        "mean": 0.7310172839506173,
        "ci_lower": 0.7258145679012346,
        "ci_upper": 0.736574012345679,
        "std": 0.18263047972942598,
        "n": 5000
      }
    },
    "9": {
      "delta_accuracy": {
        "mean": -0.100120987654321,
        "ci_lower": -0.10463654320987655,
        "ci_upper": -0.09600469135802468,
        "std": 0.16185149587025668,
        "n": 5000
      },
      "ablated_accuracy": {
        "mean": 0.7262765432098766,
        "ci_lower": 0.7214980864197531,
        "ci_upper": 0.731809938271605,
        "std": 0.1789660874417247,
        "n": 5000
      }
    },
    "10": {
      "delta_accuracy": {
        "mean": -0.10826666666666668,
        "ci_lower": -0.11243740740740742,
        "ci_upper": -0.10392197530864196,
        "std": 0.1608386210113731,
        "n": 5000
      },
      "ablated_accuracy": {
        "mean": 0.7181308641975308,
        "ci_lower": 0.7133728395061728,
        "ci_upper": 0.7231983333333333,
        "std": 0.17092724076020555,
        "n": 5000
      }
    },
    "11": {
      "delta_accuracy": {
        "mean": -0.11851358024691358,
        "ci_lower": -0.12271148148148148,
        "ci_upper": -0.11421203703703704,
        "std": 0.15930446283543565,
        "n": 5000
      },
      "ablated_accuracy": {
        "mean": 0.7078839506172839,
        "ci_lower": 0.7034909876543209,
        "ci_upper": 0.7128004938271604,
        "std": 0.16170537487660747,
        "n": 5000
      }
    },
    "12": {
      "delta_accuracy": {
        "mean": -0.13553333333333334,
        "ci_lower": -0.13977493827160492,
        "ci_upper": -0.1310012962962963,
        "std": 0.15938005025933322,
        "n": 5000
      },
      "ablated_accuracy": {
        "mean": 0.6908641975308643,
        "ci_lower": 0.6869108024691357,
        "ci_upper": 0.6953773456790123,
        "std": 0.14877398674240735,
        "n": 5000
      }
    },
    "13": {
      "delta_accuracy": {
        "mean": -0.15204444444444445,
        "ci_lower": -0.1563433950617284,
        "ci_upper": -0.14768104938271603,
        "std": 0.1581326775328354,
        "n": 5000
      },
      "ablated_accuracy": {
        "mean": 0.6743530864197531,
        "ci_lower": 0.6704606172839506,
        "ci_upper": 0.6782729012345678,
        "std": 0.13227366363393978,
        "n": 5000
      }
    },
    "14": {
      "delta_accuracy": {
        "mean": -0.18076296296296296,
        "ci_lower": -0.18479740740740738,
        "ci_upper": -0.1766764814814815,
        "std": 0.15345311158349415,
        "n": 5000
      },
      "ablated_accuracy": {
        "mean": 0.6456345679012345,
        "ci_lower": 0.6430322222222222,
        "ci_upper": 0.6485385802469135,
        "std": 0.0971862540089776,
        "n": 5000
      }
    },
    "15": {
      "delta_accuracy": {
        "mean": -0.3957185185185185,
        "ci_lower": -0.4008037654320988,
        "ci_upper": -0.39097234567901235,
        "std": 0.18319721835743116,
        "n": 5000
      },
      "ablated_accuracy": {
        "mean": 0.43067901234567896,
        "ci_lower": 0.4290812962962962,
        "ci_upper": 0.43225932098765435,
        "std": 0.059592395654773096,
        "n": 5000
      }
    }
  }
}