{
  "checkpoint_id": 20,
  "step": 100000,
  "epoch": 128.0,
  "train_loss": 0.0002037957226788556,
  "train_accuracy": 0.999920987654321,
  "train_unknown_accuracy": 0.9998852404928921,
  "test_loss": 0.5862074074074074,
  "test_accuracy": 0.7940617283950617,
  "test_unknown_accuracy": 0.7008941060015924,
  "learning_rate": 1e-05,
  "timestamp": "2026-01-31T09:00:50.064576"
}