{
  "checkpoint_id": 13,
  "step": 65000,
  "epoch": 83.2,
  "train_loss": 0.001680987897331332,
  "train_accuracy": 0.9993925925925926,
  "train_unknown_accuracy": 0.9991175900883127,
  "test_loss": 0.5843259259259259,
  "test_accuracy": 0.7938666666666667,
  "test_unknown_accuracy": 0.7008425254979537,
  "learning_rate": 3.547523173970989e-05,
  "timestamp": "2026-01-29T17:56:38.984081"
}