{
  "num_puzzles": 1000,
  "baseline_accuracy": {
    "mean": 0.8177037037037037,
    "ci_lower": 0.8070978395061728,
    "ci_upper": 0.8284111111111111,
    "std": 0.18734999852648465,
    "n": 1000
  },
  "freeze_H": {
    "0": {
      "delta_accuracy": {
        "mean": -0.0909135802469136,
        "ci_lower": -0.09896358024691358,
        "ci_upper": -0.08327037037037038,
        "std": 0.13000387130343075,
        "n": 1000
      },
      "frozen_accuracy": {
        "mean": 0.7267901234567901,
        "ci_lower": 0.7189373456790122,
        "ci_upper": 0.7344104938271605,
        "std": 0.13046590915721107,
        "n": 1000
      }
    },
    "1": {
      "delta_accuracy": {
        "mean": -0.06171604938271605,
        "ci_lower": -0.06901481481481482,
        "ci_upper": -0.05467623456790124,
        "std": 0.11895047249281648,
        "n": 1000
      },
      "frozen_accuracy": {
        "mean": 0.7559876543209878,
        "ci_lower": 0.7470546296296297,
        "ci_upper": 0.7651851851851852,
        "std": 0.1560377471634884,
        "n": 1000
      }
    },
    "2": {
      "delta_accuracy": {
        "mean": -0.03865432098765433,
        "ci_lower": -0.04528395061728395,
        "ci_upper": -0.03278981481481481,
        "std": 0.10020542761962674,
        "n": 1000
      },
      "frozen_accuracy": {
        "mean": 0.7790493827160493,
        "ci_lower": 0.7690459876543209,
        "ci_upper": 0.7896175925925926,
        "std": 0.17065658147428048,
        "n": 1000
      }
    },
    "3": {
      "delta_accuracy": {
        "mean": -0.029666666666666664,
        "ci_lower": -0.03548333333333333,
        "ci_upper": -0.02441944444444445,
        "std": 0.09119153247524499,
        "n": 1000
      },
      "frozen_accuracy": {
        "mean": 0.788037037037037,
        "ci_lower": 0.7779996913580247,
        "ci_upper": 0.798383024691358,
        "std": 0.17514269619334255,
        "n": 1000
      }
    },
    "4": {
      "delta_accuracy": {
        "mean": -0.020037037037037037,
        "ci_lower": -0.024903086419753084,
        "ci_upper": -0.01551820987654321,
        "std": 0.0778608913164105,
        "n": 1000
      },
      "frozen_accuracy": {
        "mean": 0.7976666666666667,
        "ci_lower": 0.7875925925925926,
        "ci_upper": 0.8084592592592593,
        "std": 0.18027383487437654,
        "n": 1000
      }
    },
    "5": {
      "delta_accuracy": {
        "mean": -0.014925925925925928,
        "ci_lower": -0.019421296296296298,
        "ci_upper": -0.01073765432098766,
        "std": 0.0720223243938702,
        "n": 1000
      },
      "frozen_accuracy": {
        "mean": 0.8027777777777778,
        "ci_lower": 0.7926842592592591,
        "ci_upper": 0.8134342592592593,
        "std": 0.18168728357777225,
        "n": 1000
      }
    },
    "6": {
      "delta_accuracy": {
        "mean": -0.010197530864197531,
        "ci_lower": -0.01402530864197531,
        "ci_upper": -0.0063944444444444465,
        "std": 0.06318735613482053,
        "n": 1000
      },
      "frozen_accuracy": {
        "mean": 0.8075061728395062,
        "ci_lower": 0.7969200617283949,
        "ci_upper": 0.8183373456790124,
        "std": 0.18264076527120332,
        "n": 1000
      }
    },
    "7": {
      "delta_accuracy": {
        "mean": -0.008209876543209876,
        "ci_lower": -0.011965123456790124,
        "ci_upper": -0.004888271604938273,
        "std": 0.05835573415338899,
        "n": 1000
      },
      "frozen_accuracy": {
        "mean": 0.8094938271604938,
        "ci_lower": 0.7990114197530863,
        "ci_upper": 0.8204570987654322,
        "std": 0.18310237728382103,
        "n": 1000
      }
    },
    "8": {
      "delta_accuracy": {
        "mean": -0.004209876543209877,
        "ci_lower": -0.007494753086419751,
        "ci_upper": -0.0012839506172839512,
        "std": 0.05180291488468792,
        "n": 1000
      },
      "frozen_accuracy": {
        "mean": 0.8134938271604938,
        "ci_lower": 0.803071913580247,
        "ci_upper": 0.8242595679012347,
        "std": 0.1832639229290379,
        "n": 1000
      }
    },
    "9": {
      "delta_accuracy": {
        "mean": -0.004938271604938273,
        "ci_lower": -0.0077283950617283974,
        "ci_upper": -0.0021475308641975316,
        "std": 0.04515549182890851,
        "n": 1000
      },
      "frozen_accuracy": {
        "mean": 0.8127654320987655,
        "ci_lower": 0.8019604938271606,
        "ci_upper": 0.8236555555555556,
        "std": 0.18558165131959614,
        "n": 1000
      }
    },
    "10": {
      "delta_accuracy": {
        "mean": -0.0038395061728395074,
        "ci_lower": -0.006533333333333333,
        "ci_upper": -0.0012095679012345687,
        "std": 0.04313623177438358,
        "n": 1000
      },
      "frozen_accuracy": {
        "mean": 0.8138641975308643,
        "ci_lower": 0.8033657407407407,
        "ci_upper": 0.8247308641975309,
        "std": 0.18634086753796006,
        "n": 1000
      }
    },
    "11": {
      "delta_accuracy": {
        "mean": -0.0006543209876543204,
        "ci_lower": -0.0032595679012345662,
        "ci_upper": 0.0019141975308641975,
        "std": 0.04147154312162605,
        "n": 1000
      },
      "frozen_accuracy": {
        "mean": 0.8170493827160493,
        "ci_lower": 0.8062768518518518,
        "ci_upper": 0.8279777777777778,
        "std": 0.18549120353108517,
        "n": 1000
      }
    },
    "12": {
      "delta_accuracy": {
        "mean": -0.0016790123456790125,
        "ci_lower": -0.003790123456790123,
        "ci_upper": 0.0005311728395061732,
        "std": 0.03500931571977079,
        "n": 1000
      },
      "frozen_accuracy": {
        "mean": 0.8160246913580247,
        "ci_lower": 0.8054802469135802,
        "ci_upper": 0.826854012345679,
        "std": 0.1864918493568639,
        "n": 1000
      }
    },
    "13": {
      "delta_accuracy": {
        "mean": 0.0002592592592592593,
        "ci_lower": -0.0014941358024691345,
        "ci_upper": 0.002210493827160494,
        "std": 0.03077656448015334,
        "n": 1000
      },
      "frozen_accuracy": {
        "mean": 0.8179629629629629,
        "ci_lower": 0.8074188271604938,
        "ci_upper": 0.8288024691358025,
        "std": 0.18654806106886657,
        "n": 1000
      }
    },
    "14": {
      "delta_accuracy": {
        "mean": 0.0,
        "ci_lower": 0.0,
        "ci_upper": 0.0,
        "std": 0.0,
        "n": 1000
      },
      "frozen_accuracy": {
        "mean": 0.8177037037037037,
        "ci_lower": 0.8070978395061728,
        "ci_upper": 0.8284111111111111,
        "std": 0.18734999852648465,
        "n": 1000
      }
    },
    "15": {
      "delta_accuracy": {
        "mean": 0.0,
        "ci_lower": 0.0,
        "ci_upper": 0.0,
        "std": 0.0,
        "n": 1000
      },
      "frozen_accuracy": {
        "mean": 0.8177037037037037,
        "ci_lower": 0.8070978395061728,
        "ci_upper": 0.8284111111111111,
        "std": 0.18734999852648465,
        "n": 1000
      }
    }
  },
  "freeze_L": {
    "0": {
      "delta_accuracy": {
        "mean": -0.0026790123456790138,
        "ci_lower": -0.008137345679012342,
        "ci_upper": 0.002607716049382713,
        "std": 0.08819854612800967,
        "n": 1000
      },
      "frozen_accuracy": {
        "mean": 0.8150246913580247,
        "ci_lower": 0.8038385802469136,
        "ci_upper": 0.826620987654321,
        "std": 0.19034647453747658,
        "n": 1000
      }
    },
    "1": {
      "delta_accuracy": {
        "mean": 0.0018765432098765424,
        "ci_lower": -0.0033339506172839505,
        "ci_upper": 0.007275308641975305,
        "std": 0.08648753602760811,
        "n": 1000
      },
      "frozen_accuracy": {
        "mean": 0.8195802469135802,
        "ci_lower": 0.808258024691358,
        "ci_upper": 0.831173148148148,
        "std": 0.19062664053029385,
        "n": 1000
      }
    },