{
  "geometry_stats": {
    "mean_pairwise_cosine": -0.0002922304847743362,
    "max_pairwise_cosine": 0.33098697662353516,
    "std_pairwise_cosine": 0.04263069108128548,
    "median_pairwise_cosine": -0.00028028376982547343,
    "frac_above_0.5": 0.0,
    "frac_above_0.9": 0.0
  },
  "probe_comparison": {}
}