{
  "checkpoint_id": 9,
  "step": 45000,
  "epoch": 57.6,
  "train_loss": 0.005978694812162423,
  "train_accuracy": 0.997520987654321,
  "train_unknown_accuracy": 0.9964007090926055,
  "test_loss": 0.5084888888888889,
  "test_accuracy": 0.799162962962963,
  "test_unknown_accuracy": 0.7082474652088366,
  "learning_rate": 6.360213829156176e-05,
  "timestamp": "2026-01-28T19:36:46.493257"
}