{
  "per_cell_correct": {
    "probe_delta_accuracy": {
      "mean": 0.00027160513401031496,
      "ci_lower": -0.006867284265160558,
      "ci_upper": 0.0076586422026157334,
      "std": 0.0849087613169407,
      "n": 500
    },
    "random_control_delta_accuracy": {
      "mean": 0.0020197527468204498,
      "ci_lower": -0.001924013015180826,
      "ci_upper": 0.005901111003309486,
      "std": 0.045217885053480664,
      "n": 500
    },
    "paired_t_stat": -0.5727994330088048,
    "paired_p_value": 0.5670385044955358,
    "wilcoxon_stat": 23574.5,
    "wilcoxon_p_value": 0.8889061455713309,
    "cohens_d": -0.02567379021450671,
    "significant_at_005": false,
    "significant_at_001": false,
    "violations": {
      "delta_row": {
        "mean": -0.094,
        "ci_lower": -0.33404999999999996,
        "ci_upper": 0.144,
        "std": 2.6452153031464185,
        "n": 500
      },
      "delta_col": {
        "mean": -0.062,
        "ci_lower": -0.31204999999999994,
        "ci_upper": 0.21204999999999996,
        "std": 2.9648197247050283,
        "n": 500
      },
      "delta_box": {
        "mean": 0.0,
        "ci_lower": -0.27004999999999996,
        "ci_upper": 0.286,
        "std": 3.117049887313323,
        "n": 500
      }
    }
  },
  "is_given": {
    "probe_delta_accuracy": {
      "mean": 0.00311111044883728,
      "ci_lower": -0.005778397662937641,
      "ci_upper": 0.011738271085917941,
      "std": 0.09799117360605433,
      "n": 500
    },
    "random_control_delta_accuracy": {
      "mean": 0.0020197527468204498,
      "ci_lower": -0.001924013015180826,
      "ci_upper": 0.005901111003309486,
      "std": 0.045217885053480664,
      "n": 500
    },
    "paired_t_stat": 0.28405787695249557,
    "paired_p_value": 0.7764838554702671,
    "wilcoxon_stat": 23303.5,
    "wilcoxon_p_value": 0.7543259355604555,
    "cohens_d": 0.014287021725462782,
    "significant_at_005": false,
    "significant_at_001": false,
    "violations": {
      "delta_row": {
        "mean": -0.176,
        "ci_lower": -0.458,
        "ci_upper": 0.08404999999999996,
        "std": 3.014800822608353,
        "n": 500
      },
      "delta_col": {
        "mean": -0.182,
        "ci_lower": -0.4760499999999999,
        "ci_upper": 0.1181999999999998,
        "std": 3.252210940268174,
        "n": 500
      },
      "delta_box": {
        "mean": -0.204,
        "ci_lower": -0.51205,
        "ci_upper": 0.09004999999999995,
        "std": 3.3151748068540825,
        "n": 500
      }
    }
  },
  "violated_in_row": {
    "probe_delta_accuracy": {
      "mean": 0.000444444477558136,
      "ci_lower": -0.0070376541838049885,
      "ci_upper": 0.007583333939313886,
      "std": 0.08369487564486332,
      "n": 500
    },
    "random_control_delta_accuracy": {
      "mean": 0.0020197527468204498,
      "ci_lower": -0.001924013015180826,
      "ci_upper": 0.005901111003309486,
      "std": 0.045217885053480664,
      "n": 500
    },
    "paired_t_stat": -0.5016023661281117,
    "paired_p_value": 0.61616848058856,
    "wilcoxon_stat": 21204.5,
    "wilcoxon_p_value": 0.16742266109210346,
    "cohens_d": -0.023395578309876656,
    "significant_at_005": false,
    "significant_at_001": false,
    "violations": {
      "delta_row": {
        "mean": -0.178,
        "ci_lower": -0.444,
        "ci_upper": 0.076,
        "std": 2.9709116445966552,
        "n": 500
      },
      "delta_col": {
        "mean": -0.382,
        "ci_lower": -0.656,
        "ci_upper": -0.12395000000000005,
        "std": 2.9873191995499915,
        "n": 500
      },
      "delta_box": {
        "mean": -0.262,
        "ci_lower": -0.54,
        "ci_upper": -0.0039500000000000455,
        "std": 3.174485155107833,
        "n": 500
      }
    }
  },
  "violated_in_col": {
    "probe_delta_accuracy": {
      "mean": -0.0013333333134651184,
      "ci_lower": -0.008003086580336091,
      "ci_upper": 0.005952469170093535,
      "std": 0.08287651147207906,
      "n": 500
    },
    "random_control_delta_accuracy": {
      "mean": 0.0020197527468204498,
      "ci_lower": -0.001924013015180826,
      "ci_upper": 0.005901111003309486,
      "std": 0.045217885053480664,
      "n": 500
    },
    "paired_t_stat": -1.0662006499560568,
    "paired_p_value": 0.28684853708850455,
    "wilcoxon_stat": 22910.5,
    "wilcoxon_p_value": 0.5726263326636105,
    "cohens_d": -0.050177473904644825,
    "significant_at_005": false,
    "significant_at_001": false,
    "violations": {
      "delta_row": {
        "mean": -0.086,
        "ci_lower": -0.3460999999999999,
        "ci_upper": 0.13809999999999992,
        "std": 2.8210997855446376,
        "n": 500
      },
      "delta_col": {
        "mean": -0.182,
        "ci_lower": -0.4441499999999999,
        "ci_upper": 0.05019999999999982,
        "std": 2.761317801340512,
        "n": 500
      },
      "delta_box": {
        "mean": -0.08,
        "ci_lower": -0.34204999999999997,
        "ci_upper": 0.152,
        "std": 2.895790047638123,
        "n": 500
      }
    }
  },
  "violated_in_box": {
    "probe_delta_accuracy": {
      "mean": -0.0011111106872558594,
      "ci_lower": -0.008346295957267283,
      "ci_upper": 0.005629630394279957,
      "std": 0.08112708219176261,
      "n": 500
    },
    "random_control_delta_accuracy": {
      "mean": 0.0020197527468204498,
      "ci_lower": -0.001924013015180826,
      "ci_upper": 0.005901111003309486,
      "std": 0.045217885053480664,
      "n": 500
    },
    "paired_t_stat": -1.0682157227485631,
    "paired_p_value": 0.2859397047835023,
    "wilcoxon_stat": 22040.5,
    "wilcoxon_p_value": 0.3044577688448764,
    "cohens_d": -0.047624793546999174,
    "significant_at_005": false,
    "significant_at_001": false,
    "violations": {
      "delta_row": {
        "mean": -0.114,
        "ci_lower": -0.35424999999999973,
        "ci_upper": 0.13414999999999988,
        "std": 2.846226273506729,
        "n": 500
      },
      "delta_col": {
        "mean": -0.086,
        "ci_lower": -0.3482499999999997,
        "ci_upper": 0.16004999999999997,
        "std": 2.86959997212155,
        "n": 500
      },
      "delta_box": {
        "mean": -0.046,
        "ci_lower": -0.31409999999999993,
        "ci_upper": 0.222,
        "std": 3.0331310555266153,
        "n": 500
      }
    }
  },
  "subspace_2d_violated_in_row_violated_in_col": {
    "directions": [
      "violated_in_row",
      "violated_in_col"
    ],
    "k_dimensions": 2,
    "delta_accuracy": {
      "mean": -0.0005432098507881165,
      "ci_lower": -0.007853086267411708,
      "ci_upper": 0.006766665692627429,
      "std": 0.08964192578274958,
      "n": 500
    }
  },
  "subspace_3d_violated_in_row_violated_in_col": {
    "directions": [
      "violated_in_row",
      "violated_in_col",
      "violated_in_box"
    ],
    "k_dimensions": 3,
    "delta_accuracy": {
      "mean": 0.0004691358208656311,
      "ci_lower": -0.007283951047062874,
      "ci_upper": 0.0082759262278676,
      "std": 0.09046995364158597,
      "n": 500
    }
  }
}