{
  "checkpoint_id": 4,
  "step": 20000,
  "epoch": 25.6,
  "train_loss": 0.10602098765432098,
  "train_accuracy": 0.955520987654321,
  "train_unknown_accuracy": 0.9353600022967798,
  "test_loss": 0.48644938271604937,
  "test_accuracy": 0.7988358024691358,
  "test_unknown_accuracy": 0.7079453282545373,
  "learning_rate": 9.271396472013283e-05,
  "timestamp": "2026-01-27T15:41:45.107290"
}