{
  "checkpoint_id": 5,
  "step": 25000,
  "epoch": 32.0,
  "train_loss": 0.06162041286892361,
  "train_accuracy": 0.9751185185185185,
  "train_unknown_accuracy": 0.9638555081249776,
  "test_loss": 0.4758469135802469,
  "test_accuracy": 0.8010345679012346,
  "test_unknown_accuracy": 0.7112185908486519,
  "learning_rate": 8.83125098683892e-05,
  "timestamp": "2026-01-27T21:16:41.152199"
}