{
  "meta": {
    "n_puzzles": 60,
    "num_samples": 60,
    "num_donors": 5,
    "cells_per_puzzle": 4,
    "forced_only": false,
    "max_steps": 16,
    "seed": 42,
    "puzzle_emb_len": 1
  },
  "config": {
    "patch_level": "H",
    "patch_steps": "all"
  },
  "result": {
    "patch_level": "H",
    "patch_steps": [
      0,
      1,
      2,
      3,
      4,
      5,
      6,
      7,
      8,
      9,
      10,
      11,
      12,
      13,
      14,
      15
    ],
    "n_samples": 60,
    "unit_flip_rate": {
      "mean": 0.6899999999999998,
      "ci_lower": 0.62,
      "ci_upper": 0.76,
      "std": 0.2693820088028647,
      "n": 60
    },
    "random_flip_rate": {
      "mean": 0.4833333333333334,
      "ci_lower": 0.4066666666666666,
      "ci_upper": 0.56,
      "std": 0.3083108099881604,
      "n": 60
    },
    "unit_minus_random": {
      "mean": 0.2066666666666667,
      "ci_lower": 0.12333333333333334,
      "ci_upper": 0.30000000000000004,
      "std": 0.3501745596445039,
      "n": 60
    },
    "flip_to_donor_rate": {
      "mean": 0.25333333333333335,
      "ci_lower": 0.2,
      "ci_upper": 0.30999999999999994,
      "std": 0.21868292622475632,
      "n": 60
    },
    "selectivity": {
      "mean": 0.5624999999999999,
      "ci_lower": 0.5458291666666666,
      "ci_upper": 0.5787263888888888,
      "std": 0.06444240897168631,
      "n": 60
    },
    "changed_outside_unit": {
      "mean": 26.25,
      "ci_lower": 25.27641666666666,
      "ci_upper": 27.250250000000005,
      "std": 3.8665445383011776,
      "n": 60
    },
    "wilcoxon_p": 6.240403770054247e-05,
    "per_sample": [
      {
        "cell": 0,
        "unit_flip_rate": 1.0,
        "random_flip_rate": 0.8,
        "flip_to_donor_rate": 0.2,
        "selectivity": 0.5866666666666667,
        "changed_outside_unit": 24.8,
        "n_donors": 5
      },
      {
        "cell": 2,
        "unit_flip_rate": 0.2,
        "random_flip_rate": 0.2,
        "flip_to_donor_rate": 0.0,
        "selectivity": 0.5399999999999998,
        "changed_outside_unit": 27.6,
        "n_donors": 5
      },
      {
        "cell": 3,
        "unit_flip_rate": 0.8,
        "random_flip_rate": 0.8,
        "flip_to_donor_rate": 0.2,
        "selectivity": 0.5533333333333333,
        "changed_outside_unit": 26.8,
        "n_donors": 5
      },
      {
        "cell": 4,
        "unit_flip_rate": 0.6,
        "random_flip_rate": 0.4,
        "flip_to_donor_rate": 0.2,
        "selectivity": 0.5466666666666666,
        "changed_outside_unit": 27.2,
        "n_donors": 5
      },
      {
        "cell": 2,
        "unit_flip_rate": 1.0,
        "random_flip_rate": 1.0,
        "flip_to_donor_rate": 0.2,
        "selectivity": 0.64,
        "changed_outside_unit": 21.6,
        "n_donors": 5
      },
      {
        "cell": 3,
        "unit_flip_rate": 0.8,
        "random_flip_rate": 0.8,
        "flip_to_donor_rate": 0.2,
        "selectivity": 0.6033333333333333,
        "changed_outside_unit": 23.8,
        "n_donors": 5
      },
      {
        "cell": 7,
        "unit_flip_rate": 0.4,
        "random_flip_rate": 0.4,
        "flip_to_donor_rate": 0.0,
        "selectivity": 0.5766666666666667,
        "changed_outside_unit": 25.4,
        "n_donors": 5
      },
      {
        "cell": 9,
        "unit_flip_rate": 0.2,
        "random_flip_rate": 0.2,
        "flip_to_donor_rate": 0.2,
        "selectivity": 0.5800000000000001,
        "changed_outside_unit": 25.2,
        "n_donors": 5
      },
      {
        "cell": 2,
        "unit_flip_rate": 0.4,
        "random_flip_rate": 0.4,
        "flip_to_donor_rate": 0.0,
        "selectivity": 0.58,
        "changed_outside_unit": 25.2,
        "n_donors": 5
      },
      {
        "cell": 13,
        "unit_flip_rate": 1.0,
        "random_flip_rate": 0.8,
        "flip_to_donor_rate": 0.4,
        "selectivity": 0.45666666666666667,
        "changed_outside_unit": 32.6,
        "n_donors": 5
      },
      {
        "cell": 18,
        "unit_flip_rate": 1.0,
        "random_flip_rate": 0.6,
        "flip_to_donor_rate": 0.6,
        "selectivity": 0.44666666666666666,
        "changed_outside_unit": 33.2,
        "n_donors": 5
      },
      {
        "cell": 29,
        "unit_flip_rate": 0.8,
        "random_flip_rate": 0.6,
        "flip_to_donor_rate": 0.2,
        "selectivity": 0.5900000000000001,
        "changed_outside_unit": 24.6,
        "n_donors": 5
      },
      {
        "cell": 5,
        "unit_flip_rate": 0.4,
        "random_flip_rate": 0.6,
        "flip_to_donor_rate": 0.4,
        "selectivity": 0.5599999999999999,
        "changed_outside_unit": 26.4,
        "n_donors": 5
      },
      {
        "cell": 6,
        "unit_flip_rate": 0.2,
        "random_flip_rate": 0.8,
        "flip_to_donor_rate": 0.2,
        "selectivity": 0.5433333333333333,
        "changed_outside_unit": 27.4,
        "n_donors": 5
      },
      {
        "cell": 8,
        "unit_flip_rate": 1.0,
        "random_flip_rate": 0.0,
        "flip_to_donor_rate": 0.6,
        "selectivity": 0.4800000000000001,
        "changed_outside_unit": 31.2,
        "n_donors": 5
      },
      {
        "cell": 9,
        "unit_flip_rate": 1.0,
        "random_flip_rate": 1.0,
        "flip_to_donor_rate": 0.0,
        "selectivity": 0.6666666666666666,
        "changed_outside_unit": 20.0,
        "n_donors": 5
      },
      {
        "cell": 1,
        "unit_flip_rate": 0.8,
        "random_flip_rate": 0.2,
        "flip_to_donor_rate": 0.4,
        "selectivity": 0.5133333333333333,
        "changed_outside_unit": 29.2,
        "n_donors": 5
      },
      {
        "cell": 9,
        "unit_flip_rate": 0.6,
        "random_flip_rate": 0.8,
        "flip_to_donor_rate": 0.6,
        "selectivity": 0.52,
        "changed_outside_unit": 28.8,
        "n_donors": 5
      },
      {
        "cell": 13,
        "unit_flip_rate": 0.8,
        "random_flip_rate": 0.4,
        "flip_to_donor_rate": 0.2,
        "selectivity": 0.5033333333333333,
        "changed_outside_unit": 29.8,
        "n_donors": 5
      },
      {
        "cell": 14,
        "unit_flip_rate": 0.8,
        "random_flip_rate": 1.0,
        "flip_to_donor_rate": 0.2,
        "selectivity": 0.49000000000000005,
        "changed_outside_unit": 30.6,
        "n_donors": 5
      },
      {
        "cell": 0,
        "unit_flip_rate": 0.6,
        "random_flip_rate": 0.0,
        "flip_to_donor_rate": 0.2,
        "selectivity": 0.6066666666666667,
        "changed_outside_unit": 23.6,
        "n_donors": 5
      },
      {
        "cell": 7,
        "unit_flip_rate": 0.6,
        "random_flip_rate": 0.4,
        "flip_to_donor_rate": 0.0,
        "selectivity": 0.5433333333333332,
        "changed_outside_unit": 27.4,
        "n_donors": 5
      },
      {
        "cell": 12,
        "unit_flip_rate": 0.6,
        "random_flip_rate": 0.4,
        "flip_to_donor_rate": 0.0,
        "selectivity": 0.5766666666666668,
        "changed_outside_unit": 25.4,
        "n_donors": 5
      },
      {
        "cell": 13,
        "unit_flip_rate": 0.8,
        "random_flip_rate": 0.6,
        "flip_to_donor_rate": 0.4,
        "selectivity": 0.5666666666666667,
        "changed_outside_unit": 26.0,
        "n_donors": 5
      },
      {
        "cell": 0,
        "unit_flip_rate": 0.4,
        "random_flip_rate": 0.4,
        "flip_to_donor_rate": 0.4,
        "selectivity": 0.53,
        "changed_outside_unit": 28.2,
        "n_donors": 5
      },
      {
        "cell": 5,
        "unit_flip_rate": 0.8,
        "random_flip_rate": 1.0,
        "flip_to_donor_rate": 0.2,
        "selectivity": 0.48999999999999994,
        "changed_outside_unit": 30.6,
        "n_donors": 5
      },
      {
        "cell": 6,
        "unit_flip_rate": 0.8,
        "random_flip_rate": 0.4,
        "flip_to_donor_rate": 0.2,
        "selectivity": 0.5733333333333334,
        "changed_outside_unit": 25.6,