{
  "checkpoint_id": 2,
  "step": 10000,
  "epoch": 12.8,
  "train_loss": 0.39727901234567903,
  "train_accuracy": 0.8352222222222222,
  "train_unknown_accuracy": 0.7606996984182197,
  "test_loss": 0.5464592592592593,
  "test_accuracy": 0.7666283950617284,
  "test_unknown_accuracy": 0.6610467045036806,
  "learning_rate": 9.852826883675633e-05,
  "timestamp": "2026-01-27T04:31:51.252571"
}