{
  "n_puzzles": 300,
  "conditions": {
    "sae_top_features": {
      "mean_delta_acc": -0.039167901585499446,
      "std_delta_acc": 0.16073986074124313,
      "ci_lower_delta_acc": -0.0416867903068165,
      "ci_upper_delta_acc": -0.036641873030811546,
      "n_samples": 15000,
      "delta_acc": {
        "mean": -0.039167901585499446,
        "std": 0.16073986074124313,
        "ci_lower": -0.0416867903068165,
        "ci_upper": -0.036641873030811546,
        "n": 15000
      }
    },
    "random_sae_features": {
      "mean_delta_acc": -0.04441399236321449,
      "std_delta_acc": 0.15653474868258097,
      "ci_lower_delta_acc": -0.046845926357855394,
      "ci_upper_delta_acc": -0.042140700285732746,
      "n_samples": 15000,
      "delta_acc": {
        "mean": -0.04441399236321449,
        "std": 0.15653474868258097,
        "ci_lower": -0.046845926357855394,
        "ci_upper": -0.042140700285732746,
        "n": 15000
      }
    },
    "probe_directions": {
      "mean_delta_acc": 0.0,
      "std_delta_acc": 0.0,
      "ci_lower_delta_acc": 0.0,
      "ci_upper_delta_acc": 0.0,
      "n_samples": 0,
      "delta_acc": {
        "mean": 0.0,
        "std": 0.0,
        "ci_lower": 0.0,
        "ci_upper": 0.0,
        "n": 0
      }
    },
    "random_directions": {
      "mean_delta_acc": 0.0,
      "std_delta_acc": 0.0,
      "ci_lower_delta_acc": 0.0,
      "ci_upper_delta_acc": 0.0,
      "n_samples": 0,
      "delta_acc": {
        "mean": 0.0,
        "std": 0.0,
        "ci_lower": 0.0,
        "ci_upper": 0.0,
        "n": 0
      }
    }
  },
  "statistical_tests": {
    "sae_vs_random_features": {
      "t_statistic": 2.8635745355772593,
      "p_value": 0.004191806105157682,
      "significant_0.05": false,
      "n_pairs": 300,
      "paired_t_statistic": 1.7264154090600485,
      "paired_p_value": 0.08530563456394388,
      "wilcoxon_stat": 14669.5,
      "wilcoxon_p_value": 0.23085992752559836,
      "cohens_d_paired": 0.09967464011539369,
      "mean_paired_delta": {
        "mean": 0.005246090777715047,
        "std": 0.05254435821003172,
        "ci_lower": -0.0008846911171078681,
        "ci_upper": 0.010625370807449018,
        "n": 300
      }
    }
  },
  "per_item_means": {
    "sae_300": {
      "mean_delta_acc": -0.06983539174000422,
      "std_delta_acc": 0.16816675510171245,
      "n": 300,
      "delta_acc": {
        "mean": -0.06983539174000422,
        "std": 0.16816675510171245,
        "ci_lower": -0.08942798492064079,
        "ci_upper": -0.05139711822817723,
        "n": 300
      }
    },
    "sae_263": {
      "mean_delta_acc": -0.03720164636770884,
      "std_delta_acc": 0.17112011857248702,
      "n": 300,
      "delta_acc": {
        "mean": -0.03720164636770884,
        "std": 0.17112011857248702,
        "ci_lower": -0.05526851812998454,
        "ci_upper": -0.01748971140633027,
        "n": 300
      }
    },
    "sae_938": {
      "mean_delta_acc": -0.04082304507493973,
      "std_delta_acc": 0.15931154911404585,
      "n": 300,
      "delta_acc": {
        "mean": -0.04082304507493973,
        "std": 0.15931154911404585,
        "ci_lower": -0.06000514501581589,
        "ci_upper": -0.02370370336622,
        "n": 300
      }
    },
    "sae_1542": {
      "mean_delta_acc": -0.03382716019948324,
      "std_delta_acc": 0.15155499855774027,
      "n": 300,
      "delta_acc": {
        "mean": -0.03382716019948324,
        "std": 0.15155499855774027,
        "ci_lower": -0.050373456448316575,
        "ci_upper": -0.01715843419482311,
        "n": 300
      }
    },
    "sae_2031": {
      "mean_delta_acc": -0.04181070059537888,
      "std_delta_acc": 0.15795578956120523,
      "n": 300,
      "delta_acc": {
        "mean": -0.04181070059537888,
        "std": 0.15795578956120523,
        "ci_lower": -0.05951028998444478,
        "ci_upper": -0.02402777992685636,
        "n": 300
      }
    },
    "sae_2015": {
      "mean_delta_acc": -0.04744856009880702,
      "std_delta_acc": 0.16716681205971592,
      "n": 300,
      "delta_acc": {
        "mean": -0.04744856009880702,
        "std": 0.16716681205971592,
        "ci_lower": -0.06745781904955704,
        "ci_upper": -0.029626545478900274,
        "n": 300
      }
    },
    "sae_597": {
      "mean_delta_acc": -0.03950617343187332,
      "std_delta_acc": 0.1599484249800089,
      "n": 300,
      "delta_acc": {
        "mean": -0.03950617343187332,
        "std": 0.1599484249800089,
        "ci_lower": -0.05749280100812514,
        "ci_upper": -0.021557612756888077,
        "n": 300
      }
    },
    "sae_1123": {
      "mean_delta_acc": -0.026584361990292866,
      "std_delta_acc": 0.15448542182007122,
      "n": 300,
      "delta_acc": {
        "mean": -0.026584361990292866,
        "std": 0.15448542182007122,
        "ci_lower": -0.04411522539953391,
        "ci_upper": -0.008845677169660728,
        "n": 300
      }
    },
    "sae_1629": {
      "mean_delta_acc": -0.03604938348134359,
      "std_delta_acc": 0.16681456682930004,
      "n": 300,
      "delta_acc": {
        "mean": -0.03604938348134359,
        "std": 0.16681456682930004,
        "ci_lower": -0.05502572059382995,
        "ci_upper": -0.016460906346638996,
        "n": 300
      }
    },
    "sae_211": {
      "mean_delta_acc": -0.04074074109395345,
      "std_delta_acc": 0.15909009521275916,
      "n": 300,
      "delta_acc": {
        "mean": -0.04074074109395345,
        "std": 0.15909009521275916,
        "ci_lower": -0.05967283996939659,
        "ci_upper": -0.02333230573683977,
        "n": 300
      }
    },
    "sae_813": {
      "mean_delta_acc": -0.029629631042480467,
      "std_delta_acc": 0.16458230351370087,
      "n": 300,
      "delta_acc": {
        "mean": -0.029629631042480467,
        "std": 0.16458230351370087,
        "ci_lower": -0.049923870523770654,
        "ci_upper": -0.011639919415116315,
        "n": 300
      }
    },
    "sae_1893": {
      "mean_delta_acc": -0.03802469144264857,
      "std_delta_acc": 0.1574708661273253,
      "n": 300,
      "delta_acc": {
        "mean": -0.03802469144264857,
        "std": 0.1574708661273253,
        "ci_lower": -0.05700102868427833,
        "ci_upper": -0.02061728487163782,
        "n": 300
      }
    },
    "sae_1792": {
      "mean_delta_acc": -0.03534979462623596,
      "std_delta_acc": 0.1535394153564804,
      "n": 300,
      "delta_acc": {
        "mean": -0.03534979462623596,
        "std": 0.1535394153564804,
        "ci_lower": -0.05349999981373548,
        "ci_upper": -0.018926954393585528,
        "n": 300
      }
    },
    "sae_1715": {
      "mean_delta_acc": -0.04477366338173548,
      "std_delta_acc": 0.1686713559552574,
      "n": 300,
      "delta_acc": {
        "mean": -0.04477366338173548,
        "std": 0.1686713559552574,
        "ci_lower": -0.06502160704384247,
        "ci_upper": -0.026254115477204326,
        "n": 300
      }
    },
    "sae_1833": {
      "mean_delta_acc": -0.04065843602021535,
      "std_delta_acc": 0.15516016417876088,
      "n": 300,
      "delta_acc": {
        "mean": -0.04065843602021535,
        "std": 0.15516016417876088,
        "ci_lower": -0.05963271543135246,
        "ci_upper": -0.024025720549126474,
        "n": 300
      }
    },
    "sae_1053": {
      "mean_delta_acc": -0.03032921701669693,
      "std_delta_acc": 0.1682434735759538,
      "n": 300,
      "delta_acc": {
        "mean": -0.03032921701669693,
        "std": 0.1682434735759538,
        "ci_lower": -0.04987860076626142,
        "ci_upper": -0.010822013676166534,
        "n": 300
      }
    },
    "sae_474": {
      "mean_delta_acc": -0.035967078308264414,
      "std_delta_acc": 0.15801785444961308,
      "n": 300,
      "delta_acc": {
        "mean": -0.035967078308264414,
        "std": 0.15801785444961308,
        "ci_lower": -0.055845677668849625,
        "ci_upper": -0.018598764896392825,
        "n": 300
      }
    },