{
  "num_puzzles": 5000,
  "ablate_level": "H",
  "baseline_accuracy": {
    "mean": 0.8263975308641976,
    "ci_lower": 0.8214762962962961,
    "ci_upper": 0.8318007407407407,
    "std": 0.1885721465840245,
    "n": 5000
  },
  "all_steps_delta": {
    "mean": -0.20530370370370374,
    "ci_lower": -0.21020253086419752,
    "ci_upper": -0.200364012345679,
    "std": 0.18164484284329493,
    "n": 5000
  },
  "per_step_ablation": {
    "0": {
      "delta_accuracy": {
        "mean": -0.078,
        "ci_lower": -0.08305611111111111,
        "ci_upper": -0.07332111111111111,
        "std": 0.17583162991609722,
        "n": 5000
      },
      "ablated_accuracy": {
        "mean": 0.7483975308641975,
        "ci_lower": 0.7429504320987654,
        "ci_upper": 0.7542996913580247,
        "std": 0.20257538312864679,
        "n": 5000
      }
    },
    "1": {
      "delta_accuracy": {
        "mean": -0.02806172839506173,
        "ci_lower": -0.03200314814814814,
        "ci_upper": -0.02425925925925926,
        "std": 0.1418473234188911,
        "n": 5000
      },
      "ablated_accuracy": {
        "mean": 0.7983358024691358,
        "ci_lower": 0.7927498148148147,
        "ci_upper": 0.8040129629629629,
        "std": 0.19377569064203642,
        "n": 5000
      }
    },
    "2": {
      "delta_accuracy": {
        "mean": -0.04614814814814815,
        "ci_lower": -0.05042820987654321,
        "ci_upper": -0.041777530864197526,
        "std": 0.16265503830047748,
        "n": 5000
      },
      "ablated_accuracy": {
        "mean": 0.7802493827160494,
        "ci_lower": 0.7747578395061728,
        "ci_upper": 0.7859687037037038,
        "std": 0.19962933185193518,
        "n": 5000
      }
    },
    "3": {
      "delta_accuracy": {
        "mean": -0.0459679012345679,
        "ci_lower": -0.05020462962962963,
        "ci_upper": -0.04168537037037038,
        "std": 0.1643026176484514,
        "n": 5000
      },
      "ablated_accuracy": {
        "mean": 0.7804296296296297,
        "ci_lower": 0.775021111111111,
        "ci_upper": 0.7860973456790125,
        "std": 0.19577065305938704,
        "n": 5000
      }
    },
    "4": {
      "delta_accuracy": {
        "mean": -0.060338271604938265,
        "ci_lower": -0.0647929012345679,
        "ci_upper": -0.055906111111111115,
        "std": 0.16989427181033603,
        "n": 5000
      },
      "ablated_accuracy": {
        "mean": 0.7660592592592592,
        "ci_lower": 0.7609299382716049,
        "ci_upper": 0.7716871604938271,
        "std": 0.19415911629035773,
        "n": 5000
      }
    },
    "5": {
      "delta_accuracy": {
        "mean": -0.06747407407407408,
        "ci_lower": -0.072194012345679,
        "ci_upper": -0.06307530864197532,
        "std": 0.17145121582720474,
        "n": 5000
      },
      "ablated_accuracy": {
        "mean": 0.7589234567901235,
        "ci_lower": 0.7539355555555556,
        "ci_upper": 0.764466913580247,
        "std": 0.19089552238434593,
        "n": 5000
      }
    },
    "6": {
      "delta_accuracy": {
        "mean": -0.07416296296296297,
        "ci_lower": -0.07917104938271605,
        "ci_upper": -0.06962703703703703,
        "std": 0.17460489425907477,
        "n": 5000
      },
      "ablated_accuracy": {
        "mean": 0.7522345679012346,
        "ci_lower": 0.746906049382716,
        "ci_upper": 0.7577064814814815,
        "std": 0.18963390515691875,
        "n": 5000
      }
    },
    "7": {
      "delta_accuracy": {
        "mean": -0.07967654320987655,
        "ci_lower": -0.0845458024691358,
        "ci_upper": -0.07515771604938272,
        "std": 0.1783219832206363,
        "n": 5000
      },
      "ablated_accuracy": {
        "mean": 0.7467209876543209,
        "ci_lower": 0.7416341975308642,
        "ci_upper": 0.7520218518518519,
        "std": 0.18662606384463656,
        "n": 5000
      }
    },
    "8": {
      "delta_accuracy": {
        "mean": -0.0870567901234568,
        "ci_lower": -0.09187913580246913,
        "ci_upper": -0.08239962962962963,
        "std": 0.1769363392182479,
        "n": 5000
      },
      "ablated_accuracy": {
        "mean": 0.7393407407407407,
        "ci_lower": 0.7342253086419753,
        "ci_upper": 0.7448443209876544,
        "std": 0.18092437394400296,
        "n": 5000
      }
    },
    "9": {
      "delta_accuracy": {
        "mean": -0.09438765432098765,
        "ci_lower": -0.09927691358024691,
        "ci_upper": -0.08954783950617284,
        "std": 0.17873100874148595,
        "n": 5000
      },
      "ablated_accuracy": {
        "mean": 0.7320098765432099,
        "ci_lower": 0.7271916049382715,
        "ci_upper": 0.7373120370370371,
        "std": 0.1765431529655438,
        "n": 5000
      }
    },
    "10": {
      "delta_accuracy": {
        "mean": -0.10896296296296296,
        "ci_lower": -0.11376296296296295,
        "ci_upper": -0.10421888888888889,
        "std": 0.17968715891798806,
        "n": 5000
      },
      "ablated_accuracy": {
        "mean": 0.7174345679012345,
        "ci_lower": 0.7127277777777777,
        "ci_upper": 0.7224389506172839,
        "std": 0.1675240912957197,
        "n": 5000
      }
    },
    "11": {
      "delta_accuracy": {
        "mean": -0.12395555555555557,
        "ci_lower": -0.1284824074074074,
        "ci_upper": -0.11894555555555555,
        "std": 0.1823615044663567,
        "n": 5000
      },
      "ablated_accuracy": {
        "mean": 0.702441975308642,
        "ci_lower": 0.6981317283950617,
        "ci_upper": 0.7069601851851852,
        "std": 0.15962335410119688,
        "n": 5000
      }
    },
    "12": {
      "delta_accuracy": {
        "mean": -0.14458518518518518,
        "ci_lower": -0.14967660493827162,
        "ci_upper": -0.13918203703703705,
        "std": 0.18665789304288222,
        "n": 5000
      },
      "ablated_accuracy": {
        "mean": 0.6818123456790123,
        "ci_lower": 0.6780887037037037,
        "ci_upper": 0.6858374691358025,
        "std": 0.14495223698676876,
        "n": 5000
      }
    },
    "13": {
      "delta_accuracy": {
        "mean": -0.17236543209876545,
        "ci_lower": -0.17711012345679014,
        "ci_upper": -0.16703506172839508,
        "std": 0.18900284041222676,
        "n": 5000
      },
      "ablated_accuracy": {
        "mean": 0.654032098765432,
        "ci_lower": 0.6505995679012345,
        "ci_upper": 0.657884074074074,
        "std": 0.13009654443274993,
        "n": 5000
      }
    },
    "14": {
      "delta_accuracy": {
        "mean": -0.20947654320987655,
        "ci_lower": -0.2149362962962963,
        "ci_upper": -0.2039629012345679,
        "std": 0.19706865299120901,
        "n": 5000
      },
      "ablated_accuracy": {
        "mean": 0.6169209876543209,
        "ci_lower": 0.6138504938271605,
        "ci_upper": 0.6202412345679013,
        "std": 0.11420609620197007,
        "n": 5000
      }
    },
    "15": {
      "delta_accuracy": {
        "mean": -0.2761679012345679,
        "ci_lower": -0.28187074074074076,
        "ci_upper": -0.2705337654320987,
        "std": 0.21236254449244912,
        "n": 5000
      },
      "ablated_accuracy": {
        "mean": 0.5502296296296295,
        "ci_lower": 0.5481413580246913,
        "ci_upper": 0.5524156172839506,
        "std": 0.07826312806066056,
        "n": 5000
      }
    }
  }
}