{
  "num_puzzles": 4,
  "ablate_level": "H",
  "baseline_accuracy": {
    "mean": 0.7438271604938271,
    "ci_lower": 0.6049382716049382,
    "ci_upper": 0.9228395061728395,
    "std": 0.15819218553999384,
    "n": 4
  },
  "all_steps_delta": {
    "mean": -0.12654320987654322,
    "ci_lower": -0.26234567901234573,
    "ci_upper": -0.024691358024691357,
    "std": 0.12721891262669724,
    "n": 4
  },
  "per_step_ablation": {
    "0": {
      "delta_accuracy": {
        "mean": 0.0,
        "ci_lower": 0.0,
        "ci_upper": 0.0,
        "std": 0.0,
        "n": 4
      },
      "ablated_accuracy": {
        "mean": 0.7438271604938271,
        "ci_lower": 0.6049382716049382,
        "ci_upper": 0.9228395061728395,
        "std": 0.15819218553999384,
        "n": 4
      }
    },
    "1": {
      "delta_accuracy": {
        "mean": 0.11111111111111113,
        "ci_lower": 0.018518518518518517,
        "ci_upper": 0.24691358024691362,
        "std": 0.11744628142247192,
        "n": 4
      },
      "ablated_accuracy": {
        "mean": 0.8549382716049383,
        "ci_lower": 0.7098765432098766,
        "ci_upper": 1.0,
        "std": 0.15280115795662425,
        "n": 4
      }
    },
    "2": {
      "delta_accuracy": {
        "mean": 0.03703703703703706,
        "ci_lower": 0.012345679012345678,
        "ci_upper": 0.06172839506172845,
        "std": 0.026189140043946228,
        "n": 4
      },
      "ablated_accuracy": {
        "mean": 0.7808641975308641,
        "ci_lower": 0.6604938271604939,
        "ci_upper": 0.9382716049382716,
        "std": 0.13534575277333766,
        "n": 4
      }
    },
    "3": {
      "delta_accuracy": {
        "mean": 0.05555555555555555,
        "ci_lower": 0.006172839506172839,
        "ci_upper": 0.09876543209876543,
        "std": 0.04741447992511486,
        "n": 4
      },
      "ablated_accuracy": {
        "mean": 0.7993827160493827,
        "ci_lower": 0.7037037037037036,
        "ci_upper": 0.9290123456790124,
        "std": 0.12139481752652555,
        "n": 4
      }
    },
    "4": {
      "delta_accuracy": {
        "mean": 0.04012345679012347,
        "ci_lower": -0.018518518518518517,
        "ci_upper": 0.10185185185185189,
        "std": 0.061341379365283326,
        "n": 4
      },
      "ablated_accuracy": {
        "mean": 0.7839506172839505,
        "ci_lower": 0.6851851851851851,
        "ci_upper": 0.9259259259259259,
        "std": 0.12962962962962962,
        "n": 4
      }
    },
    "5": {
      "delta_accuracy": {
        "mean": -0.037037037037037035,
        "ci_lower": -0.2808641975308642,
        "ci_upper": 0.10802469135802473,
        "std": 0.2034229265837541,
        "n": 4
      },
      "ablated_accuracy": {
        "mean": 0.7067901234567902,
        "ci_lower": 0.6419753086419753,
        "ci_upper": 0.7685185185185185,
        "std": 0.0613413793652833,
        "n": 4
      }
    },
    "6": {
      "delta_accuracy": {
        "mean": 0.05555555555555558,
        "ci_lower": 0.006172839506172839,
        "ci_upper": 0.10802469135802473,
        "std": 0.05127545594393875,
        "n": 4
      },
      "ablated_accuracy": {
        "mean": 0.7993827160493827,
        "ci_lower": 0.7098765432098765,
        "ci_upper": 0.9290123456790124,
        "std": 0.11917737392782607,
        "n": 4
      }
    },
    "7": {
      "delta_accuracy": {
        "mean": 0.0030864197530864335,
        "ci_lower": -0.018518518518518517,
        "ci_upper": 0.03395061728395063,
        "std": 0.028118622157852765,
        "n": 4
      },
      "ablated_accuracy": {
        "mean": 0.7469135802469136,
        "ci_lower": 0.6388888888888888,
        "ci_upper": 0.9166666666666666,
        "std": 0.1493010694129361,
        "n": 4
      }
    },
    "8": {
      "delta_accuracy": {
        "mean": 0.10185185185185186,
        "ci_lower": -0.018518518518518517,
        "ci_upper": 0.25,
        "std": 0.12418765147364637,
        "n": 4
      },
      "ablated_accuracy": {
        "mean": 0.845679012345679,
        "ci_lower": 0.691358024691358,
        "ci_upper": 1.0,
        "std": 0.1553055015482608,
        "n": 4
      }
    },
    "9": {
      "delta_accuracy": {
        "mean": 0.04012345679012347,
        "ci_lower": -0.009259259259259217,
        "ci_upper": 0.09259259259259259,
        "std": 0.05336918662281042,
        "n": 4
      },
      "ablated_accuracy": {
        "mean": 0.7839506172839505,
        "ci_lower": 0.6851851851851851,
        "ci_upper": 0.9228395061728395,
        "std": 0.12904040098991898,
        "n": 4
      }
    },
    "10": {
      "delta_accuracy": {
        "mean": -0.027777777777777762,
        "ci_lower": -0.2716049382716049,
        "ci_upper": 0.1080246913580247,
        "std": 0.20609797561477222,
        "n": 4
      },
      "ablated_accuracy": {
        "mean": 0.7160493827160495,
        "ci_lower": 0.6512345679012346,
        "ci_upper": 0.7777777777777778,
        "std": 0.06928995160692486,
        "n": 4
      }
    },
    "11": {
      "delta_accuracy": {
        "mean": -0.04629629629629628,
        "ci_lower": -0.2777777777777778,
        "ci_upper": 0.09259259259259264,
        "std": 0.1962487324935745,
        "n": 4
      },
      "ablated_accuracy": {
        "mean": 0.6975308641975309,
        "ci_lower": 0.6450617283950617,
        "ci_upper": 0.7469135802469136,
        "std": 0.05555555555555555,
        "n": 4
      }
    },
    "12": {
      "delta_accuracy": {
        "mean": -0.0030864197530864057,
        "ci_lower": -0.15740740740740738,
        "ci_upper": 0.08641975308641975,
        "std": 0.1284113831031773,
        "n": 4
      },
      "ablated_accuracy": {
        "mean": 0.7407407407407407,
        "ci_lower": 0.6944444444444444,
        "ci_upper": 0.7839506172839505,
        "std": 0.04860498687661612,
        "n": 4
      }
    },
    "13": {
      "delta_accuracy": {
        "mean": -0.04629629629629628,
        "ci_lower": -0.24074074074074073,
        "ci_upper": 0.058641975308642014,
        "std": 0.16595067973790206,
        "n": 4
      },
      "ablated_accuracy": {
        "mean": 0.6975308641975309,
        "ci_lower": 0.6419753086419753,
        "ci_upper": 0.7530864197530864,
        "std": 0.060795418529605606,
        "n": 4
      }
    },
    "14": {
      "delta_accuracy": {
        "mean": -0.10493827160493824,
        "ci_lower": -0.31481481481481477,
        "ci_upper": 0.006172839506172895,
        "std": 0.18196793793807006,
        "n": 4
      },
      "ablated_accuracy": {
        "mean": 0.6388888888888888,
        "ci_lower": 0.5679012345679013,
        "ci_upper": 0.7098765432098766,
        "std": 0.07271122832956632,
        "n": 4
      }
    },
    "15": {
      "delta_accuracy": {
        "mean": -0.27469135802469136,
        "ci_lower": -0.4567901234567901,
        "ci_upper": -0.15432098765432095,
        "std": 0.16549082245005572,
        "n": 4
      },
      "ablated_accuracy": {
        "mean": 0.4691358024691358,
        "ci_lower": 0.4320987654320988,
        "ci_upper": 0.5092592592592593,
        "std": 0.04186623446373624,
        "n": 4
      }
    }
  }
}