{
  "final_stats": {
    "alive_count": 4096,
    "alive_frac": 1.0,
    "dead_count": 0,
    "mean_sparsity": 0.2677622139453888,
    "mean_activation": 0.15661824845679012,
    "L0": 1096.7539753086419
  },
  "training_time_sec": 109.68214225769043,
  "n_samples": 1296000,
  "best_recon_loss": 0.0001995879775743156,
  "config": {
    "input_dim": 512,
    "dict_size": 4096,
    "l1_coeff": 0.003,
    "activation": "relu",
    "k": 64,
    "lr": 0.0003,
    "batch_size": 4096,
    "epochs": 50
  }
}