{
  "final_stats": {
    "alive_count": 2048,
    "alive_frac": 1.0,
    "dead_count": 0,
    "mean_sparsity": 0.369527131319046,
    "mean_activation": 0.191768928433642,
    "L0": 756.7915061728395
  },
  "training_time_sec": 55.94067597389221,
  "n_samples": 1296000,
  "best_recon_loss": 0.00019076084538160204,
  "config": {
    "input_dim": 512,
    "dict_size": 2048,
    "l1_coeff": 0.003,
    "activation": "relu",
    "k": 64,
    "lr": 0.0003,
    "batch_size": 4096,
    "epochs": 50
  }
}