{
  "final_stats": {
    "alive_count": 1024,
    "alive_frac": 1.0,
    "dead_count": 0,
    "mean_sparsity": 0.52607661485672,
    "mean_activation": 0.17674690152391975,
    "L0": 538.7024197530865
  },
  "training_time_sec": 29.381593227386475,
  "n_samples": 1296000,
  "best_recon_loss": 0.00039554012350646975,
  "config": {
    "input_dim": 512,
    "dict_size": 1024,
    "l1_coeff": 0.01,
    "activation": "relu",
    "k": 64,
    "lr": 0.0003,
    "batch_size": 4096,
    "epochs": 50
  }
}