{
  "final_stats": {
    "alive_count": 1024,
    "alive_frac": 1.0,
    "dead_count": 0,
    "mean_sparsity": 0.5648073554039001,
    "mean_activation": 0.2693763985339506,
    "L0": 578.3627160493827
  },
  "training_time_sec": 29.73989725112915,
  "n_samples": 1296000,
  "best_recon_loss": 0.00023014726662973076,
  "config": {
    "input_dim": 512,
    "dict_size": 1024,
    "l1_coeff": 0.003,
    "activation": "relu",
    "k": 64,
    "lr": 0.0003,
    "batch_size": 4096,
    "epochs": 50
  }
}