{
  "n_puzzles": 200,
  "conditions": {
    "sae_top_features": {
      "mean_delta_acc": -0.01590370337367058,
      "std_delta_acc": 0.12343415900287666,
      "ci_lower_delta_acc": -0.01839808595016599,
      "ci_upper_delta_acc": -0.013439474679976702,
      "n_samples": 10000,
      "delta_acc": {
        "mean": -0.01590370337367058,
        "std": 0.12343415900287666,
        "ci_lower": -0.01839808595016599,
        "ci_upper": -0.013439474679976702,
        "n": 10000
      }
    },
    "random_sae_features": {
      "mean_delta_acc": -0.013740740105509758,
      "std_delta_acc": 0.12757826088805593,
      "ci_lower_delta_acc": -0.0193595670606941,
      "ci_upper_delta_acc": -0.008103548570349813,
      "n_samples": 2000,
      "delta_acc": {
        "mean": -0.013740740105509758,
        "std": 0.12757826088805593,
        "ci_lower": -0.0193595670606941,
        "ci_upper": -0.008103548570349813,
        "n": 2000
      }
    },
    "probe_directions": {
      "mean_delta_acc": 0.0,
      "std_delta_acc": 0.0,
      "ci_lower_delta_acc": 0.0,
      "ci_upper_delta_acc": 0.0,
      "n_samples": 0,
      "delta_acc": {
        "mean": 0.0,
        "std": 0.0,
        "ci_lower": 0.0,
        "ci_upper": 0.0,
        "n": 0
      }
    },
    "random_directions": {
      "mean_delta_acc": 0.0,
      "std_delta_acc": 0.0,
      "ci_lower_delta_acc": 0.0,
      "ci_upper_delta_acc": 0.0,
      "n_samples": 0,
      "delta_acc": {
        "mean": 0.0,
        "std": 0.0,
        "ci_lower": 0.0,
        "ci_upper": 0.0,
        "n": 0
      }
    }
  },
  "statistical_tests": {
    "sae_vs_random_features": {
      "t_statistic": -0.7112872091218302,
      "p_value": 0.47692010397948936,
      "significant_0.05": false,
      "n_pairs": 200,
      "paired_t_statistic": -0.8586510944539136,
      "paired_p_value": 0.39156610564742567,
      "wilcoxon_stat": 4873.5,
      "wilcoxon_p_value": 0.40822916464300585,
      "cohens_d_paired": -0.060715801156161306,
      "mean_paired_delta": {
        "mean": -0.00216296326816082,
        "std": 0.03553521558959317,
        "ci_lower": -0.006946851912066341,
        "ci_upper": 0.002687838783860207,
        "n": 200
      }
    }
  },
  "per_item_means": {
    "sae_1058": {
      "mean_delta_acc": -0.018271604627370833,
      "std_delta_acc": 0.12643301571384066,
      "n": 200,
      "delta_acc": {
        "mean": -0.018271604627370833,
        "std": 0.12643301571384066,
        "ci_lower": -0.03537036887183785,
        "ci_upper": -0.0009166673347354019,
        "n": 200
      }
    },
    "sae_1738": {
      "mean_delta_acc": -0.017037037163972854,
      "std_delta_acc": 0.13005550153364745,
      "n": 200,
      "delta_acc": {
        "mean": -0.017037037163972854,
        "std": 0.13005550153364745,
        "ci_lower": -0.035433641973882914,
        "ci_upper": 0.00043672861158847387,
        "n": 200
      }
    },
    "sae_336": {
      "mean_delta_acc": -0.030308640897274017,
      "std_delta_acc": 0.13298879372487735,
      "n": 200,
      "delta_acc": {
        "mean": -0.030308640897274017,
        "std": 0.13298879372487735,
        "ci_lower": -0.048336419388651845,
        "ci_upper": -0.012649690423160796,
        "n": 200
      }
    },
    "sae_1066": {
      "mean_delta_acc": -0.010308642089366913,
      "std_delta_acc": 0.11528364082394031,
      "n": 200,
      "delta_acc": {
        "mean": -0.010308642089366913,
        "std": 0.11528364082394031,
        "ci_lower": -0.026543208714574575,
        "ci_upper": 0.004876540675759315,
        "n": 200
      }
    },
    "sae_1860": {
      "mean_delta_acc": -0.01839506149291992,
      "std_delta_acc": 0.12495382294646884,
      "n": 200,
      "delta_acc": {
        "mean": -0.01839506149291992,
        "std": 0.12495382294646884,
        "ci_lower": -0.03531481605768204,
        "ci_upper": -0.0015987649932503757,
        "n": 200
      }
    },
    "sae_1075": {
      "mean_delta_acc": -0.01771605119109154,
      "std_delta_acc": 0.12697203960134032,
      "n": 200,
      "delta_acc": {
        "mean": -0.01771605119109154,
        "std": 0.12697203960134032,
        "ci_lower": -0.03401388965174556,
        "ci_upper": -0.00024691534042358397,
        "n": 200
      }
    },
    "sae_1806": {
      "mean_delta_acc": -0.020246913582086565,
      "std_delta_acc": 0.12567173488514174,
      "n": 200,
      "delta_acc": {
        "mean": -0.020246913582086565,
        "std": 0.12567173488514174,
        "ci_lower": -0.03716203724220395,
        "ci_upper": -0.002898149836808446,
        "n": 200
      }
    },
    "sae_575": {
      "mean_delta_acc": -0.025802469849586486,
      "std_delta_acc": 0.12036365787456517,
      "n": 200,
      "delta_acc": {
        "mean": -0.025802469849586486,
        "std": 0.12036365787456517,
        "ci_lower": -0.04062191661819816,
        "ci_upper": -0.009185186564922343,
        "n": 200
      }
    },
    "sae_662": {
      "mean_delta_acc": -0.012037035822868348,
      "std_delta_acc": 0.12549209742165607,
      "n": 200,
      "delta_acc": {
        "mean": -0.012037035822868348,
        "std": 0.12549209742165607,
        "ci_lower": -0.02939043128117919,
        "ci_upper": 0.004199074316769837,
        "n": 200
      }
    },
    "sae_1290": {
      "mean_delta_acc": -0.012654320001602173,
      "std_delta_acc": 0.12070032377416176,
      "n": 200,
      "delta_acc": {
        "mean": -0.012654320001602173,
        "std": 0.12070032377416176,
        "ci_lower": -0.028836419098079203,
        "ci_upper": 0.0030262363180518135,
        "n": 200
      }
    },
    "sae_1341": {
      "mean_delta_acc": -0.023395061790943146,
      "std_delta_acc": 0.1230078089422363,
      "n": 200,
      "delta_acc": {
        "mean": -0.023395061790943146,
        "std": 0.1230078089422363,
        "ci_lower": -0.03932407343015075,
        "ci_upper": -0.006049383714795113,
        "n": 200
      }
    },
    "sae_318": {
      "mean_delta_acc": -0.018395060151815416,
      "std_delta_acc": 0.1324616539066757,
      "n": 200,
      "delta_acc": {
        "mean": -0.018395060151815416,
        "std": 0.1324616539066757,
        "ci_lower": -0.036921295039355755,
        "ci_upper": -0.00043055468425154826,
        "n": 200
      }
    },
    "sae_1179": {
      "mean_delta_acc": -0.010925925076007844,
      "std_delta_acc": 0.12212352651138367,
      "n": 200,
      "delta_acc": {
        "mean": -0.010925925076007844,
        "std": 0.12212352651138367,
        "ci_lower": -0.027595676891505716,
        "ci_upper": 0.005618828035891054,
        "n": 200
      }
    },
    "sae_1901": {
      "mean_delta_acc": -0.003950618952512741,
      "std_delta_acc": 0.13108972060576257,
      "n": 200,
      "delta_acc": {
        "mean": -0.003950618952512741,
        "std": 0.13108972060576257,
        "ci_lower": -0.021424384877085683,
        "ci_upper": 0.014146601628512135,
        "n": 200
      }
    },
    "sae_646": {
      "mean_delta_acc": -0.025925926268100738,
      "std_delta_acc": 0.129081735027148,
      "n": 200,
      "delta_acc": {
        "mean": -0.025925926268100738,
        "std": 0.129081735027148,
        "ci_lower": -0.04308950660377741,
        "ci_upper": -0.008746914315968768,
        "n": 200
      }
    },
    "sae_470": {
      "mean_delta_acc": -0.01580246925354004,
      "std_delta_acc": 0.12364282312599098,
      "n": 200,
      "delta_acc": {
        "mean": -0.01580246925354004,
        "std": 0.12364282312599098,
        "ci_lower": -0.032347222324460745,
        "ci_upper": 0.0002484557256102548,
        "n": 200
      }
    },
    "sae_990": {
      "mean_delta_acc": -0.010864195972681045,
      "std_delta_acc": 0.11303923701785674,
      "n": 200,
      "delta_acc": {
        "mean": -0.010864195972681045,
        "std": 0.11303923701785674,
        "ci_lower": -0.026054009318351747,
        "ci_upper": 0.00493981748819351,
        "n": 200
      }
    },