{
  "n_puzzles": 200,
  "conditions": {
    "sae_top_features": {
      "mean_delta_acc": -0.2963567899793386,
      "std_delta_acc": 0.2016513440549927,
      "ci_lower_delta_acc": -0.30057043180026116,
      "ci_upper_delta_acc": -0.29251015424340965,
      "n_samples": 10000,
      "delta_acc": {
        "mean": -0.2963567899793386,
        "std": 0.2016513440549927,
        "ci_lower": -0.30057043180026116,
        "ci_upper": -0.29251015424340965,
        "n": 10000
      }
    },
    "random_sae_features": {
      "mean_delta_acc": -0.29627777795493604,
      "std_delta_acc": 0.20156660517482522,
      "ci_lower_delta_acc": -0.30560694491975005,
      "ci_upper_delta_acc": -0.28792515429034826,
      "n_samples": 2000,
      "delta_acc": {
        "mean": -0.29627777795493604,
        "std": 0.20156660517482522,
        "ci_lower": -0.30560694491975005,
        "ci_upper": -0.28792515429034826,
        "n": 2000
      }
    },
    "probe_directions": {
      "mean_delta_acc": 0.0,
      "std_delta_acc": 0.0,
      "ci_lower_delta_acc": 0.0,
      "ci_upper_delta_acc": 0.0,
      "n_samples": 0,
      "delta_acc": {
        "mean": 0.0,
        "std": 0.0,
        "ci_lower": 0.0,
        "ci_upper": 0.0,
        "n": 0
      }
    },
    "random_directions": {
      "mean_delta_acc": 0.0,
      "std_delta_acc": 0.0,
      "ci_lower_delta_acc": 0.0,
      "ci_upper_delta_acc": 0.0,
      "n_samples": 0,
      "delta_acc": {
        "mean": 0.0,
        "std": 0.0,
        "ci_lower": 0.0,
        "ci_upper": 0.0,
        "n": 0
      }
    }
  },
  "statistical_tests": {
    "sae_vs_random_features": {
      "t_statistic": -0.015995972961685867,
      "p_value": 0.9872378703661286,
      "significant_0.05": false,
      "n_pairs": 200,
      "paired_t_statistic": -0.08844166091980056,
      "paired_p_value": 0.9296145895645795,
      "wilcoxon_stat": 9773.0,
      "wilcoxon_p_value": 0.8277437588803488,
      "cohens_d_paired": -0.006253769817579224,
      "mean_paired_delta": {
        "mean": -7.901202440261664e-05,
        "std": 0.012602677922086502,
        "ci_lower": -0.0018111416497826561,
        "ci_upper": 0.0015977162899076958,
        "n": 200
      }
    }
  },
  "per_item_means": {
    "sae_1066": {
      "mean_delta_acc": -0.29487654343247416,
      "std_delta_acc": 0.1987776155188313,
      "n": 200,
      "delta_acc": {
        "mean": -0.29487654343247416,
        "std": 0.1987776155188313,
        "ci_lower": -0.3216049388684333,
        "ci_upper": -0.26579938317462803,
        "n": 200
      }
    },
    "sae_1138": {
      "mean_delta_acc": -0.2948148146271706,
      "std_delta_acc": 0.20143351778599503,
      "n": 200,
      "delta_acc": {
        "mean": -0.2948148146271706,
        "std": 0.20143351778599503,
        "ci_lower": -0.3227160495556891,
        "ci_upper": -0.2652345687672496,
        "n": 200
      }
    },
    "sae_1040": {
      "mean_delta_acc": -0.29783950716257096,
      "std_delta_acc": 0.20065408063947457,
      "n": 200,
      "delta_acc": {
        "mean": -0.29783950716257096,
        "std": 0.20065408063947457,
        "ci_lower": -0.324762344982475,
        "ci_upper": -0.2680169763080776,
        "n": 200
      }
    },
    "sae_1775": {
      "mean_delta_acc": -0.2970370362699032,
      "std_delta_acc": 0.1999871967160466,
      "n": 200,
      "delta_acc": {
        "mean": -0.2970370362699032,
        "std": 0.1999871967160466,
        "ci_lower": -0.32398765357583764,
        "ci_upper": -0.26777314580231903,
        "n": 200
      }
    },
    "sae_597": {
      "mean_delta_acc": -0.29623456701636314,
      "std_delta_acc": 0.19819140230929957,
      "n": 200,
      "delta_acc": {
        "mean": -0.29623456701636314,
        "std": 0.19819140230929957,
        "ci_lower": -0.32339505992084744,
        "ci_upper": -0.26752160405740144,
        "n": 200
      }
    },
    "sae_1980": {
      "mean_delta_acc": -0.295864197909832,
      "std_delta_acc": 0.20342434233562218,
      "n": 200,
      "delta_acc": {
        "mean": -0.295864197909832,
        "std": 0.20342434233562218,
        "ci_lower": -0.32463271655887366,
        "ci_upper": -0.2662916665449739,
        "n": 200
      }
    },
    "sae_502": {
      "mean_delta_acc": -0.2961111102998257,
      "std_delta_acc": 0.19929565744577377,
      "n": 200,
      "delta_acc": {
        "mean": -0.2961111102998257,
        "std": 0.19929565744577377,
        "ci_lower": -0.3230925916843116,
        "ci_upper": -0.26697530887275933,
        "n": 200
      }
    },
    "sae_3": {
      "mean_delta_acc": -0.2980246901512146,
      "std_delta_acc": 0.20228100317207426,
      "n": 200,
      "delta_acc": {
        "mean": -0.2980246901512146,
        "std": 0.20228100317207426,
        "ci_lower": -0.3261157401762903,
        "ci_upper": -0.269003083344549,
        "n": 200
      }
    },
    "sae_887": {
      "mean_delta_acc": -0.2936419731378555,
      "std_delta_acc": 0.20299118816950776,
      "n": 200,
      "delta_acc": {
        "mean": -0.2936419731378555,
        "std": 0.20299118816950776,
        "ci_lower": -0.3222962943352759,
        "ci_upper": -0.2642499967776239,
        "n": 200
      }
    },
    "sae_1060": {
      "mean_delta_acc": -0.2954320986568928,
      "std_delta_acc": 0.20405697042349102,
      "n": 200,
      "delta_acc": {
        "mean": -0.2954320986568928,
        "std": 0.20405697042349102,
        "ci_lower": -0.3230447526201606,
        "ci_upper": -0.2654290126822889,
        "n": 200
      }
    },
    "sae_1822": {
      "mean_delta_acc": -0.2963580246269703,
      "std_delta_acc": 0.20282450787928813,
      "n": 200,
      "delta_acc": {
        "mean": -0.2963580246269703,
        "std": 0.20282450787928813,
        "ci_lower": -0.32358950674161313,
        "ci_upper": -0.26703395089134574,
        "n": 200
      }
    },
    "sae_1526": {
      "mean_delta_acc": -0.2978395062685013,
      "std_delta_acc": 0.20302519935625582,
      "n": 200,
      "delta_acc": {
        "mean": -0.2978395062685013,
        "std": 0.20302519935625582,
        "ci_lower": -0.3258101856149733,
        "ci_upper": -0.2679629648551345,
        "n": 200
      }
    },
    "sae_662": {
      "mean_delta_acc": -0.2953703701496124,
      "std_delta_acc": 0.20590260130790342,
      "n": 200,
      "delta_acc": {
        "mean": -0.2953703701496124,
        "std": 0.20590260130790342,
        "ci_lower": -0.3238441373370588,
        "ci_upper": -0.2664753081910312,
        "n": 200
      }
    },
    "sae_323": {
      "mean_delta_acc": -0.297469135671854,
      "std_delta_acc": 0.2040423603040798,
      "n": 200,
      "delta_acc": {
        "mean": -0.297469135671854,
        "std": 0.2040423603040798,
        "ci_lower": -0.3255586423836649,
        "ci_upper": -0.26801851722598075,
        "n": 200
      }
    },
    "sae_897": {
      "mean_delta_acc": -0.2969753086566925,
      "std_delta_acc": 0.1994092687926515,
      "n": 200,
      "delta_acc": {
        "mean": -0.2969753086566925,
        "std": 0.1994092687926515,
        "ci_lower": -0.32445216182246805,
        "ci_upper": -0.2680092586539686,
        "n": 200
      }
    },
    "sae_1186": {
      "mean_delta_acc": -0.29499999910593033,
      "std_delta_acc": 0.19997103089377333,
      "n": 200,
      "delta_acc": {
        "mean": -0.29499999910593033,
        "std": 0.19997103089377333,
        "ci_lower": -0.3230262347087264,
        "ci_upper": -0.2654876522831619,
        "n": 200
      }
    },
    "sae_642": {
      "mean_delta_acc": -0.29666666597127916,
      "std_delta_acc": 0.20265314714298524,
      "n": 200,
      "delta_acc": {
        "mean": -0.29666666597127916,
        "std": 0.20265314714298524,
        "ci_lower": -0.32440123349800704,
        "ci_upper": -0.26746141993254424,
        "n": 200
      }
    },
    "sae_276": {
      "mean_delta_acc": -0.2964197534322739,
      "std_delta_acc": 0.20028553956635817,
      "n": 200,