{
  "num_puzzles": 1000,
  "baseline_accuracy": {
    "mean": 0.8177037037037037,
    "ci_lower": 0.8070978395061728,
    "ci_upper": 0.8284111111111111,
    "std": 0.18734999852648465,
    "n": 1000
  },
  "per_pair": {
    "0->2": {
      "donor_step": 0,
      "recipient_step": 2,
      "delta_accuracy": {
        "mean": -0.0024567901234567886,
        "ci_lower": -0.00952438271604938,
        "ci_upper": 0.0037780864197530873,
        "std": 0.10652926034884014,
        "n": 1000
      },
      "transferred_accuracy": {
        "mean": 0.8152469135802469,
        "ci_lower": 0.804566975308642,
        "ci_upper": 0.8268040123456791,
        "std": 0.18793910124441496,
        "n": 1000
      }
    },
    "1->2": {
      "donor_step": 1,
      "recipient_step": 2,
      "delta_accuracy": {
        "mean": 0.0002222222222222211,
        "ci_lower": -0.005149382716049384,
        "ci_upper": 0.005950925925925924,
        "std": 0.08702931057553634,
        "n": 1000
      },
      "transferred_accuracy": {
        "mean": 0.817925925925926,
        "ci_lower": 0.8070086419753085,
        "ci_upper": 0.829570987654321,
        "std": 0.18687398507502445,
        "n": 1000
      }
    },
    "3->2": {
      "donor_step": 3,
      "recipient_step": 2,
      "delta_accuracy": {
        "mean": 0.003271604938271606,
        "ci_lower": -0.0009506172839506159,
        "ci_upper": 0.007777777777777778,
        "std": 0.07180344451423712,
        "n": 1000
      },
      "transferred_accuracy": {
        "mean": 0.8209753086419753,
        "ci_lower": 0.8109249999999999,
        "ci_upper": 0.8321481481481482,
        "std": 0.18789214908032606,
        "n": 1000
      }
    },
    "4->2": {
      "donor_step": 4,
      "recipient_step": 2,
      "delta_accuracy": {
        "mean": 0.006567901234567901,
        "ci_lower": 0.002469135802469136,
        "ci_upper": 0.011000308641975308,
        "std": 0.06684358782978543,
        "n": 1000
      },
      "transferred_accuracy": {
        "mean": 0.8242716049382716,
        "ci_lower": 0.8133932098765432,
        "ci_upper": 0.8358895061728395,
        "std": 0.1888256345310629,
        "n": 1000
      }
    },
    "5->2": {
      "donor_step": 5,
      "recipient_step": 2,
      "delta_accuracy": {
        "mean": 0.003592592592592592,
        "ci_lower": -0.00035895061728395157,
        "ci_upper": 0.007741358024691359,
        "std": 0.06157056241726724,
        "n": 1000
      },
      "transferred_accuracy": {
        "mean": 0.8212962962962963,
        "ci_lower": 0.8108864197530864,
        "ci_upper": 0.8330987654320987,
        "std": 0.18895963131023155,
        "n": 1000
      }
    },
    "6->2": {
      "donor_step": 6,
      "recipient_step": 2,
      "delta_accuracy": {
        "mean": 0.0030740740740740754,
        "ci_lower": -0.0006694444444444405,
        "ci_upper": 0.006483333333333333,
        "std": 0.05866081438782269,
        "n": 1000
      },
      "transferred_accuracy": {
        "mean": 0.8207777777777777,
        "ci_lower": 0.8102694444444444,
        "ci_upper": 0.8315237654320987,
        "std": 0.18964414127537174,
        "n": 1000
      }
    },
    "7->2": {
      "donor_step": 7,
      "recipient_step": 2,
      "delta_accuracy": {
        "mean": 0.0029753086419753083,
        "ci_lower": -0.0006422839506172822,
        "ci_upper": 0.006753086419753086,
        "std": 0.06063088404422913,
        "n": 1000
      },
      "transferred_accuracy": {
        "mean": 0.820679012345679,
        "ci_lower": 0.8094941358024692,
        "ci_upper": 0.8319067901234567,
        "std": 0.1909646993155998,
        "n": 1000
      }
    },
    "8->2": {
      "donor_step": 8,
      "recipient_step": 2,
      "delta_accuracy": {
        "mean": 0.005493827160493826,
        "ci_lower": 0.00201111111111111,
        "ci_upper": 0.009086419753086421,
        "std": 0.05788132406622362,
        "n": 1000
      },
      "transferred_accuracy": {
        "mean": 0.8231975308641976,
        "ci_lower": 0.8121697530864198,
        "ci_upper": 0.8341570987654321,
        "std": 0.1897992903417598,
        "n": 1000
      }
    },
    "9->2": {
      "donor_step": 9,
      "recipient_step": 2,
      "delta_accuracy": {
        "mean": 0.00814814814814815,
        "ci_lower": 0.0044314814814814816,
        "ci_upper": 0.012049999999999998,
        "std": 0.060554769001070874,
        "n": 1000
      },
      "transferred_accuracy": {
        "mean": 0.8258518518518518,
        "ci_lower": 0.8152817901234569,
        "ci_upper": 0.8368651234567901,
        "std": 0.18773827069566343,
        "n": 1000
      }
    },
    "10->0": {
      "donor_step": 10,
      "recipient_step": 0,
      "delta_accuracy": {
        "mean": 0.007864197530864198,
        "ci_lower": 0.003910802469135804,
        "ci_upper": 0.011765432098765433,
        "std": 0.06370086963740848,
        "n": 1000
      },
      "transferred_accuracy": {
        "mean": 0.8255679012345679,
        "ci_lower": 0.8147515432098765,
        "ci_upper": 0.8368645061728395,
        "std": 0.18975126267226433,
        "n": 1000
      }
    },
    "10->1": {
      "donor_step": 10,
      "recipient_step": 1,
      "delta_accuracy": {
        "mean": 0.005432098765432099,
        "ci_lower": 0.001913271604938272,
        "ci_upper": 0.008876851851851853,
        "std": 0.05581885479957017,
        "n": 1000
      },
      "transferred_accuracy": {
        "mean": 0.8231358024691358,
        "ci_lower": 0.8129009259259259,
        "ci_upper": 0.8340993827160493,
        "std": 0.19006962681914977,
        "n": 1000
      }
    },
    "10->2": {
      "donor_step": 10,
      "recipient_step": 2,
      "delta_accuracy": {
        "mean": 0.005209876543209876,
        "ci_lower": 0.0018518518518518513,
        "ci_upper": 0.008457098765432098,
        "std": 0.05463143053459019,
        "n": 1000
      },
      "transferred_accuracy": {
        "mean": 0.8229135802469136,
        "ci_lower": 0.8122947530864197,
        "ci_upper": 0.8340774691358025,
        "std": 0.18825426513957222,
        "n": 1000
      }
    },
    "10->3": {
      "donor_step": 10,
      "recipient_step": 3,
      "delta_accuracy": {
        "mean": 0.0036790123456790116,
        "ci_lower": 0.00025925925925925975,
        "ci_upper": 0.007248765432098765,
        "std": 0.053242944667212466,
        "n": 1000
      },
      "transferred_accuracy": {
        "mean": 0.8213827160493827,
        "ci_lower": 0.8105749999999999,
        "ci_upper": 0.8323351851851851,
        "std": 0.19015190423699826,
        "n": 1000
      }
    },
    "10->4": {
      "donor_step": 10,
      "recipient_step": 4,
      "delta_accuracy": {
        "mean": 0.006679012345679013,
        "ci_lower": 0.003258024691358025,
        "ci_upper": 0.010112654320987652,
        "std": 0.056099285719635635,
        "n": 1000
      },
      "transferred_accuracy": {
        "mean": 0.8243827160493826,
        "ci_lower": 0.8138141975308641,
        "ci_upper": 0.8353959876543209,
        "std": 0.18964440810147268,
        "n": 1000
      }
    },
    "10->5": {
      "donor_step": 10,
      "recipient_step": 5,
      "delta_accuracy": {
        "mean": 0.006790123456790123,
        "ci_lower": 0.003358024691358025,
        "ci_upper": 0.01022283950617284,
        "std": 0.055163914479965374,
        "n": 1000
      },
      "transferred_accuracy": {
        "mean": 0.8244938271604938,
        "ci_lower": 0.814120061728395,
        "ci_upper": 0.8352243827160494,
        "std": 0.18726459855908403,
        "n": 1000
      }
    },
    "10->6": {
      "donor_step": 10,
      "recipient_step": 6,
      "delta_accuracy": {
        "mean": 0.0050987654320987655,
        "ci_lower": 0.001975000000000002,
        "ci_upper": 0.00861820987654321,
        "std": 0.05296056140055746,
        "n": 1000
      },
      "transferred_accuracy": {
        "mean": 0.8228024691358025,