{
  "final_stats": {
    "alive_count": 2048,
    "alive_frac": 1.0,
    "dead_count": 0,
    "mean_sparsity": 0.3440285921096802,
    "mean_activation": 0.11428349247685185,
    "L0": 704.5705185185185
  },
  "training_time_sec": 56.25115489959717,
  "n_samples": 1296000,
  "best_recon_loss": 0.00024893786074198514,
  "config": {
    "input_dim": 512,
    "dict_size": 2048,
    "l1_coeff": 0.01,
    "activation": "relu",
    "k": 64,
    "lr": 0.0003,
    "batch_size": 4096,
    "epochs": 50
  }
}