{
  "final_stats": {
    "alive_count": 4096,
    "alive_frac": 1.0,
    "dead_count": 0,
    "mean_sparsity": 0.2216741144657135,
    "mean_activation": 0.050559181495949075,
    "L0": 907.977086419753
  },
  "training_time_sec": 109.54485154151917,
  "n_samples": 1296000,
  "best_recon_loss": 0.0003141412491820553,
  "config": {
    "input_dim": 512,
    "dict_size": 4096,
    "l1_coeff": 0.03,
    "activation": "relu",
    "k": 64,
    "lr": 0.0003,
    "batch_size": 4096,
    "epochs": 50
  }
}