{
  "checkpoint_id": 8,
  "step": 40000,
  "epoch": 51.2,
  "train_loss": 0.011164735130027489,
  "train_accuracy": 0.9959234567901235,
  "train_unknown_accuracy": 0.9940740262164218,
  "test_loss": 0.5217111111111111,
  "test_accuracy": 0.7991123456790123,
  "test_unknown_accuracy": 0.7082399434819562,
  "learning_rate": 7.054142744895884e-05,
  "timestamp": "2026-01-28T14:01:47.837677"
}