{
  "num_puzzles": 200,
  "ablate_level": "H",
  "baseline_accuracy": {
    "mean": 0.8125308641975308,
    "ci_lower": 0.784814814814815,
    "ci_upper": 0.8375354938271605,
    "std": 0.1842613892384697,
    "n": 200
  },
  "all_steps_delta": {
    "mean": -0.17987654320987656,
    "ci_lower": -0.20222376543209877,
    "ci_upper": -0.1568456790123457,
    "std": 0.16173551016296842,
    "n": 200
  },
  "per_step_ablation": {
    "0": {
      "delta_accuracy": {
        "mean": -0.06685185185185186,
        "ci_lower": -0.09259567901234568,
        "ci_upper": -0.0412932098765432,
        "std": 0.18341240968267622,
        "n": 200
      },
      "ablated_accuracy": {
        "mean": 0.745679012345679,
        "ci_lower": 0.7180000000000001,
        "ci_upper": 0.7742021604938272,
        "std": 0.1999466473571422,
        "n": 200
      }
    },
    "1": {
      "delta_accuracy": {
        "mean": -0.016358024691358025,
        "ci_lower": -0.03660648148148148,
        "ci_upper": 0.002111111111111097,
        "std": 0.14238233389267396,
        "n": 200
      },
      "ablated_accuracy": {
        "mean": 0.7961728395061729,
        "ci_lower": 0.768263888888889,
        "ci_upper": 0.8209413580246913,
        "std": 0.18684845645338458,
        "n": 200
      }
    },
    "2": {
      "delta_accuracy": {
        "mean": -0.038827160493827166,
        "ci_lower": -0.0629645061728395,
        "ci_upper": -0.017086419753086432,
        "std": 0.17658808675929166,
        "n": 200
      },
      "ablated_accuracy": {
        "mean": 0.7737037037037037,
        "ci_lower": 0.7473317901234569,
        "ci_upper": 0.7999413580246915,
        "std": 0.19904171428064235,
        "n": 200
      }
    },
    "3": {
      "delta_accuracy": {
        "mean": -0.028703703703703703,
        "ci_lower": -0.05129783950617284,
        "ci_upper": -0.0075246913580247,
        "std": 0.1601322493945048,
        "n": 200
      },
      "ablated_accuracy": {
        "mean": 0.7838271604938272,
        "ci_lower": 0.7587021604938271,
        "ci_upper": 0.8078472222222222,
        "std": 0.1908874740250754,
        "n": 200
      }
    },
    "4": {
      "delta_accuracy": {
        "mean": -0.056234567901234565,
        "ci_lower": -0.0796929012345679,
        "ci_upper": -0.03375617283950619,
        "std": 0.16641818468323474,
        "n": 200
      },
      "ablated_accuracy": {
        "mean": 0.7562962962962962,
        "ci_lower": 0.7311666666666667,
        "ci_upper": 0.7801265432098766,
        "std": 0.1828379639984645,
        "n": 200
      }
    },
    "5": {
      "delta_accuracy": {
        "mean": -0.05080246913580247,
        "ci_lower": -0.07827314814814815,
        "ci_upper": -0.025649691358024716,
        "std": 0.18302100635434246,
        "n": 200
      },
      "ablated_accuracy": {
        "mean": 0.7617283950617284,
        "ci_lower": 0.734625,
        "ci_upper": 0.7883472222222222,
        "std": 0.1920100401276736,
        "n": 200
      }
    },
    "6": {
      "delta_accuracy": {
        "mean": -0.06302469135802469,
        "ci_lower": -0.08488425925925926,
        "ci_upper": -0.04197222222222223,
        "std": 0.16480162475541338,
        "n": 200
      },
      "ablated_accuracy": {
        "mean": 0.749506172839506,
        "ci_lower": 0.7228179012345679,
        "ci_upper": 0.775753086419753,
        "std": 0.18658969443133092,
        "n": 200
      }
    },
    "7": {
      "delta_accuracy": {
        "mean": -0.05358024691358025,
        "ci_lower": -0.07858487654320988,
        "ci_upper": -0.030799382716049394,
        "std": 0.1718864375585007,
        "n": 200
      },
      "ablated_accuracy": {
        "mean": 0.7589506172839506,
        "ci_lower": 0.7354290123456789,
        "ci_upper": 0.783766975308642,
        "std": 0.17441057354240233,
        "n": 200
      }
    },
    "8": {
      "delta_accuracy": {
        "mean": -0.06456790123456792,
        "ci_lower": -0.08680092592592592,
        "ci_upper": -0.04456018518518518,
        "std": 0.15814381119909857,
        "n": 200
      },
      "ablated_accuracy": {
        "mean": 0.747962962962963,
        "ci_lower": 0.723395061728395,
        "ci_upper": 0.7709274691358025,
        "std": 0.17550969821799553,
        "n": 200
      }
    },
    "9": {
      "delta_accuracy": {
        "mean": -0.07771604938271605,
        "ci_lower": -0.10228703703703704,
        "ci_upper": -0.05283950617283951,
        "std": 0.17126174715538087,
        "n": 200
      },
      "ablated_accuracy": {
        "mean": 0.7348148148148148,
        "ci_lower": 0.7121512345679013,
        "ci_upper": 0.7582114197530865,
        "std": 0.16446168300257735,
        "n": 200
      }
    },
    "10": {
      "delta_accuracy": {
        "mean": -0.08901234567901234,
        "ci_lower": -0.11093209876543209,
        "ci_upper": -0.0668425925925926,
        "std": 0.1669389180125568,
        "n": 200
      },
      "ablated_accuracy": {
        "mean": 0.7235185185185184,
        "ci_lower": 0.702094135802469,
        "ci_upper": 0.7445802469135802,
        "std": 0.1589378395918923,
        "n": 200
      }
    },
    "11": {
      "delta_accuracy": {
        "mean": -0.09561728395061729,
        "ci_lower": -0.12007561728395061,
        "ci_upper": -0.07110648148148148,
        "std": 0.18339046995926284,
        "n": 200
      },
      "ablated_accuracy": {
        "mean": 0.7169135802469137,
        "ci_lower": 0.6946882716049382,
        "ci_upper": 0.738533950617284,
        "std": 0.1587152638514137,
        "n": 200
      }
    },
    "12": {
      "delta_accuracy": {
        "mean": -0.12191358024691358,
        "ci_lower": -0.1490216049382716,
        "ci_upper": -0.09690895061728395,
        "std": 0.1845666109207963,
        "n": 200
      },
      "ablated_accuracy": {
        "mean": 0.6906172839506174,
        "ci_lower": 0.672094135802469,
        "ci_upper": 0.709645061728395,
        "std": 0.13686809740024336,
        "n": 200
      }
    },
    "13": {
      "delta_accuracy": {
        "mean": -0.14993827160493828,
        "ci_lower": -0.17562499999999998,
        "ci_upper": -0.12548765432098768,
        "std": 0.17945198249741545,
        "n": 200
      },
      "ablated_accuracy": {
        "mean": 0.6625925925925926,
        "ci_lower": 0.6466666666666666,
        "ci_upper": 0.6804953703703703,
        "std": 0.12098834718874421,
        "n": 200
      }
    },
    "14": {
      "delta_accuracy": {
        "mean": -0.19030864197530867,
        "ci_lower": -0.21709876543209877,
        "ci_upper": -0.16418518518518518,
        "std": 0.18862758291357526,
        "n": 200
      },
      "ablated_accuracy": {
        "mean": 0.6222222222222221,
        "ci_lower": 0.6087006172839505,
        "ci_upper": 0.6359259259259258,
        "std": 0.10427532056187,
        "n": 200
      }
    },
    "15": {
      "delta_accuracy": {
        "mean": -0.26067901234567903,
        "ci_lower": -0.2882839506172839,
        "ci_upper": -0.23116975308641977,
        "std": 0.20211945677165735,
        "n": 200
      },
      "ablated_accuracy": {
        "mean": 0.5518518518518518,
        "ci_lower": 0.5428364197530864,
        "ci_upper": 0.5611728395061728,
        "std": 0.06957532248694011,
        "n": 200
      }
    }
  }
}