{
  "final_stats": {
    "alive_count": 1024,
    "alive_frac": 1.0,
    "dead_count": 0,
    "mean_sparsity": 0.4344833493232727,
    "mean_activation": 0.10805451871141976,
    "L0": 444.9109135802469
  },
  "training_time_sec": 38.84593963623047,
  "n_samples": 1296000,
  "best_recon_loss": 0.0007906982055292332,
  "activation_shift_gamma": 0.3349527418613434,
  "config": {
    "input_dim": 512,
    "dict_size": 1024,
    "l1_coeff": 0.03,
    "activation": "relu",
    "k": 64,
    "center_mean": false,
    "lr": 0.0003,
    "batch_size": 4096,
    "epochs": 50
  }
}