{
  "final_stats": {
    "alive_count": 4096,
    "alive_frac": 1.0,
    "dead_count": 0,
    "mean_sparsity": 0.3580491542816162,
    "mean_activation": 0.1451577208719136,
    "L0": 1466.5692839506173
  },
  "training_time_sec": 123.10232281684875,
  "n_samples": 1296000,
  "best_recon_loss": 0.0001433803192659337,
  "activation_shift_gamma": 0.3349527418613434,
  "config": {
    "input_dim": 512,
    "dict_size": 4096,
    "l1_coeff": 0.003,
    "activation": "relu",
    "k": 64,
    "center_mean": true,
    "lr": 0.0003,
    "batch_size": 4096,
    "epochs": 50
  }
}