{
  "final_stats": {
    "alive_count": 2048,
    "alive_frac": 1.0,
    "dead_count": 0,
    "mean_sparsity": 0.39707326889038086,
    "mean_activation": 0.06274256124614197,
    "L0": 813.2060740740741
  },
  "training_time_sec": 67.37330365180969,
  "n_samples": 1296000,
  "best_recon_loss": 0.00042993678106876437,
  "activation_shift_gamma": 0.3349527418613434,
  "config": {
    "input_dim": 512,
    "dict_size": 2048,
    "l1_coeff": 0.03,
    "activation": "relu",
    "k": 64,
    "center_mean": true,
    "lr": 0.0003,
    "batch_size": 4096,
    "epochs": 50
  }
}