{
  "final_stats": {
    "alive_count": 2048,
    "alive_frac": 1.0,
    "dead_count": 0,
    "mean_sparsity": 0.508750855922699,
    "mean_activation": 0.17701121238425926,
    "L0": 1041.9216790123457
  },
  "training_time_sec": 67.39497303962708,
  "n_samples": 1296000,
  "best_recon_loss": 0.0001322143436040456,
  "activation_shift_gamma": 0.3349527418613434,
  "config": {
    "input_dim": 512,
    "dict_size": 2048,
    "l1_coeff": 0.003,
    "activation": "relu",
    "k": 64,
    "center_mean": true,
    "lr": 0.0003,
    "batch_size": 4096,
    "epochs": 50
  }
}