{
  "final_stats": {
    "alive_count": 4096,
    "alive_frac": 1.0,
    "dead_count": 0,
    "mean_sparsity": 0.2283928394317627,
    "mean_activation": 0.04674662422839506,
    "L0": 935.497086419753
  },
  "training_time_sec": 123.06750893592834,
  "n_samples": 1296000,
  "best_recon_loss": 0.00031328032767159237,
  "activation_shift_gamma": 0.3349527418613434,
  "config": {
    "input_dim": 512,
    "dict_size": 4096,
    "l1_coeff": 0.03,
    "activation": "relu",
    "k": 64,
    "center_mean": false,
    "lr": 0.0003,
    "batch_size": 4096,
    "epochs": 50
  }
}