{
  "final_stats": {
    "alive_count": 4096,
    "alive_frac": 1.0,
    "dead_count": 0,
    "mean_sparsity": 0.29284852743148804,
    "mean_activation": 0.16110579427083332,
    "L0": 1199.5075555555557
  },
  "training_time_sec": 123.05332374572754,
  "n_samples": 1296000,
  "best_recon_loss": 0.00019646774555945017,
  "activation_shift_gamma": 0.3349527418613434,
  "config": {
    "input_dim": 512,
    "dict_size": 4096,
    "l1_coeff": 0.003,
    "activation": "relu",
    "k": 64,
    "center_mean": false,
    "lr": 0.0003,
    "batch_size": 4096,
    "epochs": 50
  }
}