{
  "final_stats": {
    "alive_count": 1024,
    "alive_frac": 1.0,
    "dead_count": 0,
    "mean_sparsity": 0.7562757134437561,
    "mean_activation": 0.23939390432098764,
    "L0": 774.4263209876543
  },
  "training_time_sec": 38.91798496246338,
  "n_samples": 1296000,
  "best_recon_loss": 0.0001619853516702749,
  "activation_shift_gamma": 0.3349527418613434,
  "config": {
    "input_dim": 512,
    "dict_size": 1024,
    "l1_coeff": 0.003,
    "activation": "relu",
    "k": 64,
    "center_mean": true,
    "lr": 0.0003,
    "batch_size": 4096,
    "epochs": 50
  }
}