{
  "final_stats": {
    "alive_count": 4096,
    "alive_frac": 1.0,
    "dead_count": 0,
    "mean_sparsity": 0.3034258782863617,
    "mean_activation": 0.045138271002121914,
    "L0": 1242.8323950617284
  },
  "training_time_sec": 123.09231638908386,
  "n_samples": 1296000,
  "best_recon_loss": 0.000353841022375313,
  "activation_shift_gamma": 0.3349527418613434,
  "config": {
    "input_dim": 512,
    "dict_size": 4096,
    "l1_coeff": 0.03,
    "activation": "relu",
    "k": 64,
    "center_mean": true,
    "lr": 0.0003,
    "batch_size": 4096,
    "epochs": 50
  }
}