{
  "final_stats": {
    "alive_count": 4096,
    "alive_frac": 1.0,
    "dead_count": 0,
    "mean_sparsity": 0.2631577253341675,
    "mean_activation": 0.09363451244212963,
    "L0": 1077.893925925926
  },
  "training_time_sec": 123.02754759788513,
  "n_samples": 1296000,
  "best_recon_loss": 0.00018724368809691516,
  "activation_shift_gamma": 0.3010423183441162,
  "config": {
    "input_dim": 512,
    "dict_size": 4096,
    "l1_coeff": 0.01,
    "activation": "relu",
    "k": 64,
    "center_mean": false,
    "lr": 0.0003,
    "batch_size": 4096,
    "epochs": 50
  }
}