{
  "final_stats": {
    "alive_count": 1024,
    "alive_frac": 1.0,
    "dead_count": 0,
    "mean_sparsity": 0.7357481718063354,
    "mean_activation": 0.1829294463734568,
    "L0": 753.406024691358
  },
  "training_time_sec": 38.943790912628174,
  "n_samples": 1296000,
  "best_recon_loss": 0.00035088090501484765,
  "activation_shift_gamma": 0.3010423183441162,
  "config": {
    "input_dim": 512,
    "dict_size": 1024,
    "l1_coeff": 0.01,
    "activation": "relu",
    "k": 64,
    "center_mean": true,
    "lr": 0.0003,
    "batch_size": 4096,
    "epochs": 50
  }
}