{
  "checkpoint_id": 6,
  "step": 30000,
  "epoch": 38.4,
  "train_loss": 0.020010291280864196,
  "train_accuracy": 0.9915111111111111,
  "train_unknown_accuracy": 0.987663092623692,
  "test_loss": 0.4886567901234568,
  "test_accuracy": 0.8070506172839507,
  "test_unknown_accuracy": 0.7200692841060327,
  "learning_rate": 8.305704108364301e-05,
  "timestamp": "2026-01-28T02:51:43.027276"
}