{
  "checkpoint_id": 2,
  "step": 2000,
  "epoch": 10.24,
  "train_loss": 1.1650962962962963,
  "train_accuracy": 0.5039061728395062,
  "train_unknown_accuracy": 0.27957717945132293,
  "test_loss": 1.1703802469135802,
  "test_accuracy": 0.5013716049382716,
  "test_unknown_accuracy": 0.2764415239146247,
  "learning_rate": 0.0001,
  "timestamp": "2026-01-26T15:09:56.926341"
}