{
  "num_puzzles": 30,
  "ablate_level": "H",
  "baseline_accuracy": {
    "mean": 0.996037037037037,
    "ci_lower": 0.9925916666666665,
    "ci_upper": 0.9993333333333333,
    "std": 0.009277093935025493,
    "n": 30
  },
  "all_steps_delta": {
    "mean": -0.005925925925925916,
    "ci_lower": -0.01107592592592592,
    "ci_upper": -0.0015537037037036967,
    "std": 0.01307884709852561,
    "n": 30
  },
  "per_step_ablation": {
    "0": {
      "delta_accuracy": {
        "mean": -0.0006296296296296281,
        "ci_lower": -0.00377777777777778,
        "ci_upper": 0.001444444444444452,
        "std": 0.007357330732044465,
        "n": 30
      },
      "ablated_accuracy": {
        "mean": 0.9954074074074074,
        "ci_lower": 0.9914814814814815,
        "ci_upper": 0.9987407407407408,
        "std": 0.01032689298835167,
        "n": 30
      }
    },
    "1": {
      "delta_accuracy": {
        "mean": 0.00114814814814815,
        "ci_lower": -0.0013703703703703699,
        "ci_upper": 0.0035935185185185206,
        "std": 0.0067798013575021505,
        "n": 30
      },
      "ablated_accuracy": {
        "mean": 0.9971851851851851,
        "ci_lower": 0.9942962962962962,
        "ci_upper": 0.9997074074074074,
        "std": 0.008051957476563664,
        "n": 30
      }
    },
    "2": {
      "delta_accuracy": {
        "mean": -0.0008888888888888909,
        "ci_lower": -0.00481666666666667,
        "ci_upper": 0.002001851851851852,
        "std": 0.009083064329463314,
        "n": 30
      },
      "ablated_accuracy": {
        "mean": 0.9951481481481481,
        "ci_lower": 0.9911111111111112,
        "ci_upper": 0.9987407407407407,
        "std": 0.01091110105352684,
        "n": 30
      }
    },
    "3": {
      "delta_accuracy": {
        "mean": -0.0006666666666666636,
        "ci_lower": -0.004667592592592596,
        "ci_upper": 0.0023342592592592642,
        "std": 0.009214409899404242,
        "n": 30
      },
      "ablated_accuracy": {
        "mean": 0.9953703703703702,
        "ci_lower": 0.9914796296296295,
        "ci_upper": 0.9988148148148148,
        "std": 0.010447136506224955,
        "n": 30
      }
    },
    "4": {
      "delta_accuracy": {
        "mean": -0.001555555555555558,
        "ci_lower": -0.005259259259259264,
        "ci_upper": 0.0008888888888888872,
        "std": 0.008218217242821329,
        "n": 30
      },
      "ablated_accuracy": {
        "mean": 0.9944814814814814,
        "ci_lower": 0.9903694444444443,
        "ci_upper": 0.9982620370370371,
        "std": 0.011201423092031397,
        "n": 30
      }
    },
    "5": {
      "delta_accuracy": {
        "mean": -0.001518518518518519,
        "ci_lower": -0.0052222222222222245,
        "ci_upper": 0.0009629629629629655,
        "std": 0.008227642524375765,
        "n": 30
      },
      "ablated_accuracy": {
        "mean": 0.9945185185185184,
        "ci_lower": 0.9904425925925925,
        "ci_upper": 0.9982981481481481,
        "std": 0.011107159791245371,
        "n": 30
      }
    },
    "6": {
      "delta_accuracy": {
        "mean": -0.0014814814814814836,
        "ci_lower": -0.005185185185185189,
        "ci_upper": 0.0010370370370370327,
        "std": 0.008241885064119188,
        "n": 30
      },
      "ablated_accuracy": {
        "mean": 0.9945555555555555,
        "ci_lower": 0.9904444444444445,
        "ci_upper": 0.9983342592592593,
        "std": 0.011015701476181434,
        "n": 30
      }
    },
    "7": {
      "delta_accuracy": {
        "mean": -0.0014814814814814836,
        "ci_lower": -0.005185185185185189,
        "ci_upper": 0.0010370370370370327,
        "std": 0.008241885064119188,
        "n": 30
      },
      "ablated_accuracy": {
        "mean": 0.9945555555555555,
        "ci_lower": 0.9904444444444445,
        "ci_upper": 0.9983342592592593,
        "std": 0.011015701476181434,
        "n": 30
      }
    },
    "8": {
      "delta_accuracy": {
        "mean": -0.001518518518518519,
        "ci_lower": -0.0052222222222222245,
        "ci_upper": 0.0009629629629629655,
        "std": 0.008227642524375765,
        "n": 30
      },
      "ablated_accuracy": {
        "mean": 0.9945185185185184,
        "ci_lower": 0.9904425925925925,
        "ci_upper": 0.9982981481481481,
        "std": 0.011107159791245371,
        "n": 30
      }
    },
    "9": {
      "delta_accuracy": {
        "mean": -0.0014814814814814836,
        "ci_lower": -0.005185185185185189,
        "ci_upper": 0.0010370370370370327,
        "std": 0.008241885064119188,
        "n": 30
      },
      "ablated_accuracy": {
        "mean": 0.9945555555555555,
        "ci_lower": 0.9904444444444445,
        "ci_upper": 0.9983342592592593,
        "std": 0.011015701476181434,
        "n": 30
      }
    },
    "10": {
      "delta_accuracy": {
        "mean": -0.0015925925925925936,
        "ci_lower": -0.0052231481481481495,
        "ci_upper": 0.0007777777777777772,
        "std": 0.00810265075426196,
        "n": 30
      },
      "ablated_accuracy": {
        "mean": 0.9944444444444442,
        "ci_lower": 0.9903703703703705,
        "ci_upper": 0.9982240740740741,
        "std": 0.011107406789917612,
        "n": 30
      }
    },
    "11": {
      "delta_accuracy": {
        "mean": -0.0015925925925925936,
        "ci_lower": -0.0051870370370370395,
        "ci_upper": 0.0007407407407407418,
        "std": 0.00806191745377923,
        "n": 30
      },
      "ablated_accuracy": {
        "mean": 0.9944444444444444,
        "ci_lower": 0.9904435185185185,
        "ci_upper": 0.9982231481481482,
        "std": 0.011021863793455332,
        "n": 30
      }
    },
    "12": {
      "delta_accuracy": {
        "mean": -0.001666666666666668,
        "ci_lower": -0.005223148148148153,
        "ci_upper": 0.0005925925925925927,
        "std": 0.007964685429555246,
        "n": 30
      },
      "ablated_accuracy": {
        "mean": 0.9943703703703703,
        "ci_lower": 0.9903333333333334,
        "ci_upper": 0.998149074074074,
        "std": 0.01104399482404467,
        "n": 30
      }
    },
    "13": {
      "delta_accuracy": {
        "mean": -0.0025185185185185198,
        "ci_lower": -0.005854629629629628,
        "ci_upper": -3.7037037037035424e-05,
        "std": 0.008042752703909375,
        "n": 30
      },
      "ablated_accuracy": {
        "mean": 0.9935185185185184,
        "ci_lower": 0.9888499999999999,
        "ci_upper": 0.9979268518518519,
        "std": 0.012266194748481776,
        "n": 30
      }
    },
    "14": {
      "delta_accuracy": {
        "mean": -0.0014814814814814799,
        "ci_lower": -0.0052231481481481495,
        "ci_upper": 0.0011111111111111146,
        "std": 0.008434366956290254,
        "n": 30
      },
      "ablated_accuracy": {
        "mean": 0.9945555555555554,
        "ci_lower": 0.9904074074074074,
        "ci_upper": 0.9984462962962963,
        "std": 0.011325160451810796,
        "n": 30
      }
    },
    "15": {
      "delta_accuracy": {
        "mean": -0.008629629629629628,
        "ci_lower": -0.014335185185185185,
        "ci_upper": -0.004033333333333328,
        "std": 0.013817396243774593,
        "n": 30
      },
      "ablated_accuracy": {
        "mean": 0.9874074074074073,
        "ci_lower": 0.9814787037037036,
        "ci_upper": 0.9929268518518518,
        "std": 0.016120261343686455,
        "n": 30
      }
    }
  }
}