{
  "n_puzzles": 300,
  "conditions": {
    "sae_top_features": {
      "mean_delta_acc": -0.03083786009947459,
      "std_delta_acc": 0.1320821474469378,
      "ci_lower_delta_acc": -0.03293812746698658,
      "ci_upper_delta_acc": -0.028722571894327798,
      "n_samples": 15000,
      "delta_acc": {
        "mean": -0.03083786009947459,
        "std": 0.1320821474469378,
        "ci_lower": -0.03293812746698658,
        "ci_upper": -0.028722571894327798,
        "n": 15000
      }
    },
    "random_sae_features": {
      "mean_delta_acc": -0.02131769548455874,
      "std_delta_acc": 0.1225617296511418,
      "ci_lower_delta_acc": -0.02327049395094315,
      "ci_upper_delta_acc": -0.019342592660089336,
      "n_samples": 15000,
      "delta_acc": {
        "mean": -0.02131769548455874,
        "std": 0.1225617296511418,
        "ci_lower": -0.02327049395094315,
        "ci_upper": -0.019342592660089336,
        "n": 15000
      }
    },
    "probe_directions": {
      "mean_delta_acc": 0.0,
      "std_delta_acc": 0.0,
      "ci_lower_delta_acc": 0.0,
      "ci_upper_delta_acc": 0.0,
      "n_samples": 0,
      "delta_acc": {
        "mean": 0.0,
        "std": 0.0,
        "ci_lower": 0.0,
        "ci_upper": 0.0,
        "n": 0
      }
    },
    "random_directions": {
      "mean_delta_acc": 0.0,
      "std_delta_acc": 0.0,
      "ci_lower_delta_acc": 0.0,
      "ci_upper_delta_acc": 0.0,
      "n_samples": 0,
      "delta_acc": {
        "mean": 0.0,
        "std": 0.0,
        "ci_lower": 0.0,
        "ci_upper": 0.0,
        "n": 0
      }
    }
  },
  "statistical_tests": {
    "sae_vs_random_features": {
      "t_statistic": -6.470741543574946,
      "p_value": 9.902544005134541e-11,
      "significant_0.05": true,
      "n_pairs": 300,
      "paired_t_statistic": -3.6683876192782154,
      "paired_p_value": 0.00028888591489866996,
      "wilcoxon_stat": 13724.0,
      "wilcoxon_p_value": 0.0001935897954377269,
      "cohens_d_paired": -0.2117944579482168,
      "mean_paired_delta": {
        "mean": -0.009520164614915849,
        "std": 0.0448750383812237,
        "ci_lower": -0.014402573076287903,
        "ci_upper": -0.004326892844239871,
        "n": 300
      }
    }
  },
  "per_item_means": {
    "sae_1888": {
      "mean_delta_acc": -0.01781893183787664,
      "std_delta_acc": 0.1425877611317315,
      "n": 300,
      "delta_acc": {
        "mean": -0.01781893183787664,
        "std": 0.1425877611317315,
        "ci_lower": -0.03301440580934286,
        "ci_upper": -0.0025915647695461917,
        "n": 300
      }
    },
    "sae_724": {
      "mean_delta_acc": -0.029670781890551248,
      "std_delta_acc": 0.12954180208233462,
      "n": 300,
      "delta_acc": {
        "mean": -0.029670781890551248,
        "std": 0.12954180208233462,
        "ci_lower": -0.04354115204761425,
        "ci_upper": -0.015097734970351065,
        "n": 300
      }
    },
    "sae_300": {
      "mean_delta_acc": -0.02378600815931956,
      "std_delta_acc": 0.12711930809412963,
      "n": 300,
      "delta_acc": {
        "mean": -0.02378600815931956,
        "std": 0.12711930809412963,
        "ci_lower": -0.03757407587766647,
        "ci_upper": -0.009502056236068411,
        "n": 300
      }
    },
    "sae_675": {
      "mean_delta_acc": -0.055267491042613984,
      "std_delta_acc": 0.1530944456505512,
      "n": 300,
      "delta_acc": {
        "mean": -0.055267491042613984,
        "std": 0.1530944456505512,
        "ci_lower": -0.07152572060873111,
        "ci_upper": -0.036699588380754,
        "n": 300
      }
    },
    "sae_522": {
      "mean_delta_acc": -0.0606995885570844,
      "std_delta_acc": 0.15676082174072165,
      "n": 300,
      "delta_acc": {
        "mean": -0.0606995885570844,
        "std": 0.15676082174072165,
        "ci_lower": -0.07794547431667646,
        "ci_upper": -0.04312654275695483,
        "n": 300
      }
    },
    "sae_788": {
      "mean_delta_acc": -0.024897119303544362,
      "std_delta_acc": 0.12950399022720693,
      "n": 300,
      "delta_acc": {
        "mean": -0.024897119303544362,
        "std": 0.12950399022720693,
        "ci_lower": -0.039146091148257255,
        "ci_upper": -0.009941357744236802,
        "n": 300
      }
    },
    "sae_470": {
      "mean_delta_acc": -0.07082304507493972,
      "std_delta_acc": 0.14758500110935596,
      "n": 300,
      "delta_acc": {
        "mean": -0.07082304507493972,
        "std": 0.14758500110935596,
        "ci_lower": -0.08720164599517982,
        "ci_upper": -0.05506069898356994,
        "n": 300
      }
    },
    "sae_844": {
      "mean_delta_acc": -0.028065843681494396,
      "std_delta_acc": 0.13396358165745453,
      "n": 300,
      "delta_acc": {
        "mean": -0.028065843681494396,
        "std": 0.13396358165745453,
        "ci_lower": -0.04234567882865667,
        "ci_upper": -0.012835393441220129,
        "n": 300
      }
    },
    "sae_941": {
      "mean_delta_acc": -0.025349793632825215,
      "std_delta_acc": 0.14008066027886562,
      "n": 300,
      "delta_acc": {
        "mean": -0.025349793632825215,
        "std": 0.14008066027886562,
        "ci_lower": -0.039876543107132116,
        "ci_upper": -0.00995267364631097,
        "n": 300
      }
    },
    "sae_1544": {
      "mean_delta_acc": -0.07296296248833338,
      "std_delta_acc": 0.14790544153812302,
      "n": 300,
      "delta_acc": {
        "mean": -0.07296296248833338,
        "std": 0.14790544153812302,
        "ci_lower": -0.08951543226838113,
        "ci_upper": -0.05666563806931178,
        "n": 300
      }
    },
    "sae_1230": {
      "mean_delta_acc": -0.05189300537109375,
      "std_delta_acc": 0.1507497835452208,
      "n": 300,
      "delta_acc": {
        "mean": -0.05189300537109375,
        "std": 0.1507497835452208,
        "ci_lower": -0.06872531137118737,
        "ci_upper": -0.03382201593617599,
        "n": 300
      }
    },
    "sae_1523": {
      "mean_delta_acc": -0.025144032339255017,
      "std_delta_acc": 0.13181692955850638,
      "n": 300,
      "delta_acc": {
        "mean": -0.025144032339255017,
        "std": 0.13181692955850638,
        "ci_lower": -0.03864300392568111,
        "ci_upper": -0.009580245435237892,
        "n": 300
      }
    },
    "sae_978": {
      "mean_delta_acc": -0.06378600895404815,
      "std_delta_acc": 0.13674879162148437,
      "n": 300,
      "delta_acc": {
        "mean": -0.06378600895404815,
        "std": 0.13674879162148437,
        "ci_lower": -0.07884876851240795,
        "ci_upper": -0.04818518509715796,
        "n": 300
      }
    },
    "sae_460": {
      "mean_delta_acc": -0.029999999801317852,
      "std_delta_acc": 0.12425979680519661,
      "n": 300,
      "delta_acc": {
        "mean": -0.029999999801317852,
        "std": 0.12425979680519661,
        "ci_lower": -0.043662550183633964,
        "ci_upper": -0.016414608128368858,
        "n": 300
      }
    },
    "sae_1902": {
      "mean_delta_acc": -0.05181069950262705,
      "std_delta_acc": 0.14071799050961656,
      "n": 300,
      "delta_acc": {
        "mean": -0.05181069950262705,
        "std": 0.14071799050961656,
        "ci_lower": -0.06786316978186369,
        "ci_upper": -0.036085392462710544,
        "n": 300
      }
    },
    "sae_898": {
      "mean_delta_acc": -0.020823044379552205,
      "std_delta_acc": 0.12993408608110013,
      "n": 300,
      "delta_acc": {
        "mean": -0.020823044379552205,
        "std": 0.12993408608110013,
        "ci_lower": -0.034532920914391675,
        "ci_upper": -0.0064176955843965235,
        "n": 300
      }
    },
    "sae_412": {
      "mean_delta_acc": -0.0489300403992335,
      "std_delta_acc": 0.1503279211817438,
      "n": 300,
      "delta_acc": {
        "mean": -0.0489300403992335,
        "std": 0.1503279211817438,
        "ci_lower": -0.06576851760099332,
        "ci_upper": -0.03159053396930298,
        "n": 300
      }
    },