{
  "final_stats": {
    "alive_count": 3532,
    "alive_frac": 0.8623046875,
    "dead_count": 564,
    "mean_sparsity": 0.046521950513124466,
    "mean_activation": 0.04237056929976852,
    "L0": 164.31564444444444
  },
  "training_time_sec": 359.93238401412964,
  "n_samples": 4320000,
  "best_recon_loss": 0.00012121120376332544,
  "config": {
    "input_dim": 512,
    "dict_size": 4096,
    "l1_coeff": 0.03,
    "activation": "relu",
    "k": 64,
    "lr": 0.0003,
    "batch_size": 4096,
    "epochs": 50
  }
}