{
  "num_puzzles": 15,
  "baseline_accuracy": {
    "mean": 0.9965185185185185,
    "ci_lower": 0.9908148148148148,
    "ci_upper": 1.0,
    "std": 0.009383170879164444,
    "n": 15
  },
  "freeze_H": {
    "0": {
      "delta_accuracy": {
        "mean": 0.0006666666666666673,
        "ci_lower": 0.0,
        "ci_upper": 0.0020000000000000018,
        "std": 0.0024944382578492965,
        "n": 15
      },
      "frozen_accuracy": {
        "mean": 0.9971851851851852,
        "ci_lower": 0.9931851851851852,
        "ci_upper": 1.0,
        "std": 0.007278885034985637,
        "n": 15
      }
    },
    "1": {
      "delta_accuracy": {
        "mean": 0.0001481481481481491,
        "ci_lower": 0.0,
        "ci_upper": 0.0004444444444444473,
        "std": 0.0005543196128554024,
        "n": 15
      },
      "frozen_accuracy": {
        "mean": 0.9966666666666666,
        "ci_lower": 0.9914074074074075,
        "ci_upper": 1.0,
        "std": 0.008898143330634233,
        "n": 15
      }
    },
    "2": {
      "delta_accuracy": {
        "mean": 0.00022222222222222736,
        "ci_lower": 0.0,
        "ci_upper": 0.000666666666666682,
        "std": 0.0008314794192831174,
        "n": 15
      },
      "frozen_accuracy": {
        "mean": 0.9967407407407407,
        "ci_lower": 0.9917037037037039,
        "ci_upper": 1.0,
        "std": 0.008658749153305154,
        "n": 15
      }
    },
    "3": {
      "delta_accuracy": {
        "mean": 7.407407407407825e-05,
        "ci_lower": 0.0,
        "ci_upper": 0.00022222222222223476,
        "std": 0.00027715980642771494,
        "n": 15
      },
      "frozen_accuracy": {
        "mean": 0.9965925925925926,
        "ci_lower": 0.9911111111111112,
        "ci_upper": 1.0,
        "std": 0.009139672186777588,
        "n": 15
      }
    },
    "4": {
      "delta_accuracy": {
        "mean": 7.407407407407825e-05,
        "ci_lower": 0.0,
        "ci_upper": 0.00022222222222223476,
        "std": 0.00027715980642771494,
        "n": 15
      },
      "frozen_accuracy": {
        "mean": 0.9965925925925926,
        "ci_lower": 0.9911111111111112,
        "ci_upper": 1.0,
        "std": 0.009139672186777588,
        "n": 15
      }
    },
    "5": {
      "delta_accuracy": {
        "mean": 7.407407407407825e-05,
        "ci_lower": 0.0,
        "ci_upper": 0.00022222222222223476,
        "std": 0.00027715980642771494,
        "n": 15
      },
      "frozen_accuracy": {
        "mean": 0.9965925925925926,
        "ci_lower": 0.9911111111111112,
        "ci_upper": 1.0,
        "std": 0.009139672186777588,
        "n": 15
      }
    },
    "6": {
      "delta_accuracy": {
        "mean": 7.407407407407825e-05,
        "ci_lower": 0.0,
        "ci_upper": 0.00022222222222223476,
        "std": 0.00027715980642771494,
        "n": 15
      },
      "frozen_accuracy": {
        "mean": 0.9965925925925926,
        "ci_lower": 0.9911111111111112,
        "ci_upper": 1.0,
        "std": 0.009139672186777588,
        "n": 15
      }
    },
    "7": {
      "delta_accuracy": {
        "mean": 0.0001481481481481491,
        "ci_lower": 0.0,
        "ci_upper": 0.0004444444444444473,
        "std": 0.0005543196128554024,
        "n": 15
      },
      "frozen_accuracy": {
        "mean": 0.9966666666666666,
        "ci_lower": 0.9914074074074075,
        "ci_upper": 1.0,
        "std": 0.008898143330634233,
        "n": 15
      }
    },
    "8": {
      "delta_accuracy": {
        "mean": 0.0001481481481481491,
        "ci_lower": 0.0,
        "ci_upper": 0.0004444444444444473,
        "std": 0.0005543196128554024,
        "n": 15
      },
      "frozen_accuracy": {
        "mean": 0.9966666666666666,
        "ci_lower": 0.9914074074074075,
        "ci_upper": 1.0,
        "std": 0.008898143330634233,
        "n": 15
      }
    },
    "9": {
      "delta_accuracy": {
        "mean": 7.407407407407825e-05,
        "ci_lower": 0.0,
        "ci_upper": 0.00022222222222223476,
        "std": 0.00027715980642771494,
        "n": 15
      },
      "frozen_accuracy": {
        "mean": 0.9965925925925926,
        "ci_lower": 0.9911111111111112,
        "ci_upper": 1.0,
        "std": 0.009139672186777588,
        "n": 15
      }
    },
    "10": {
      "delta_accuracy": {
        "mean": 0.0,
        "ci_lower": 0.0,
        "ci_upper": 0.0,
        "std": 0.0,
        "n": 15
      },
      "frozen_accuracy": {
        "mean": 0.9965185185185185,
        "ci_lower": 0.9908148148148148,
        "ci_upper": 1.0,
        "std": 0.009383170879164444,
        "n": 15
      }
    },
    "11": {
      "delta_accuracy": {
        "mean": 0.0,
        "ci_lower": 0.0,
        "ci_upper": 0.0,
        "std": 0.0,
        "n": 15
      },
      "frozen_accuracy": {
        "mean": 0.9965185185185185,
        "ci_lower": 0.9908148148148148,
        "ci_upper": 1.0,
        "std": 0.009383170879164444,
        "n": 15
      }
    },
    "12": {
      "delta_accuracy": {
        "mean": 0.0,
        "ci_lower": 0.0,
        "ci_upper": 0.0,
        "std": 0.0,
        "n": 15
      },
      "frozen_accuracy": {
        "mean": 0.9965185185185185,
        "ci_lower": 0.9908148148148148,
        "ci_upper": 1.0,
        "std": 0.009383170879164444,
        "n": 15
      }
    },
    "13": {
      "delta_accuracy": {
        "mean": 0.0,
        "ci_lower": 0.0,
        "ci_upper": 0.0,
        "std": 0.0,
        "n": 15
      },
      "frozen_accuracy": {
        "mean": 0.9965185185185185,
        "ci_lower": 0.9908148148148148,
        "ci_upper": 1.0,
        "std": 0.009383170879164444,
        "n": 15
      }
    },
    "14": {
      "delta_accuracy": {
        "mean": 0.0,
        "ci_lower": 0.0,
        "ci_upper": 0.0,
        "std": 0.0,
        "n": 15
      },
      "frozen_accuracy": {
        "mean": 0.9965185185185185,
        "ci_lower": 0.9908148148148148,
        "ci_upper": 1.0,
        "std": 0.009383170879164444,
        "n": 15
      }
    },
    "15": {
      "delta_accuracy": {
        "mean": 0.0,
        "ci_lower": 0.0,
        "ci_upper": 0.0,
        "std": 0.0,
        "n": 15
      },
      "frozen_accuracy": {
        "mean": 0.9965185185185185,
        "ci_lower": 0.9908148148148148,
        "ci_upper": 1.0,
        "std": 0.009383170879164444,
        "n": 15
      }
    }
  },
  "freeze_L": {
    "0": {
      "delta_accuracy": {
        "mean": 0.0012592592592592636,
        "ci_lower": 0.0,
        "ci_upper": 0.003703703703703713,
        "std": 0.004423407000543295,
        "n": 15
      },
      "frozen_accuracy": {
        "mean": 0.9977777777777778,
        "ci_lower": 0.9933333333333334,
        "ci_upper": 1.0,
        "std": 0.008314794192830979,
        "n": 15
      }
    },
    "1": {
      "delta_accuracy": {
        "mean": 0.0001481481481481491,
        "ci_lower": 0.0,
        "ci_upper": 0.0004444444444444473,
        "std": 0.0005543196128554024,
        "n": 15
      },
      "frozen_accuracy": {
        "mean": 0.9966666666666666,
        "ci_lower": 0.9914074074074075,
        "ci_upper": 1.0,
        "std": 0.008898143330634233,
        "n": 15
      }
    },
    "2": {
      "delta_accuracy": {
        "mean": 0.00022222222222222736,
        "ci_lower": 0.0,
        "ci_upper": 0.000666666666666682,
        "std": 0.0008314794192831174,
        "n": 15
      },
      "frozen_accuracy": {
        "mean": 0.9967407407407407,
        "ci_lower": 0.9917037037037039,
        "ci_upper": 1.0,
        "std": 0.008658749153305154,
        "n": 15
      }
    },
    "3": {
      "delta_accuracy": {
        "mean": 7.407407407407825e-05,
        "ci_lower": 0.0,
        "ci_upper": 0.00022222222222223476,
        "std": 0.00027715980642771494,
        "n": 15
      },
      "frozen_accuracy": {
        "mean": 0.9965925925925926,
        "ci_lower": 0.9911111111111112,
        "ci_upper": 1.0,
        "std": 0.009139672186777588,
        "n": 15
      }
    },