{
  "baseline": {
    "0": 0.6706172839506173,
    "1": 0.7340740740740742,
    "2": 0.7625925925925924,
    "3": 0.7860493827160494,
    "4": 0.7972222222222223,
    "5": 0.8011728395061728,
    "6": 0.8095679012345678,
    "7": 0.8127160493827159,
    "8": 0.8130864197530865,
    "9": 0.8137654320987653,
    "10": 0.8158024691358026,
    "11": 0.8172839506172839,
    "12": 0.8169135802469136,
    "13": 0.8188271604938271,
    "14": 0.8184567901234568,
    "15": 0.8197530864197532
  },
  "freeze_at_0": {
    "0": 0.6706172839506173,
    "1": 0.7340740740740742,
    "2": 0.7284567901234569,
    "3": 0.7283333333333333,
    "4": 0.7271604938271605,
    "5": 0.7272839506172839,
    "6": 0.7244444444444446,
    "7": 0.7277160493827161,
    "8": 0.7254320987654321,
    "9": 0.7305555555555554,
    "10": 0.7244444444444443,
    "11": 0.729320987654321,
    "12": 0.7254320987654321,
    "13": 0.73,
    "14": 0.7235802469135802,
    "15": 0.7292592592592593
  },
  "freeze_at_1": {
    "0": 0.6706172839506173,
    "1": 0.7340740740740742,
    "2": 0.7625925925925924,
    "3": 0.759753086419753,
    "4": 0.7619135802469136,
    "5": 0.7602469135802469,
    "6": 0.7610493827160494,
    "7": 0.7621604938271606,
    "8": 0.7641975308641975,
    "9": 0.7632098765432098,
    "10": 0.7594444444444446,
    "11": 0.7658641975308643,
    "12": 0.7640740740740739,
    "13": 0.7659259259259259,
    "14": 0.7611111111111112,
    "15": 0.7630864197530863
  },
  "freeze_at_2": {
    "0": 0.6706172839506173,
    "1": 0.7340740740740742,
    "2": 0.7625925925925924,
    "3": 0.7860493827160494,
    "4": 0.7827160493827161,
    "5": 0.7798765432098764,
    "6": 0.7852469135802468,
    "7": 0.7838888888888889,
    "8": 0.7846296296296296,
    "9": 0.7844444444444444,
    "10": 0.784320987654321,
    "11": 0.7824074074074073,
    "12": 0.7837654320987653,
    "13": 0.7832098765432098,
    "14": 0.7834567901234568,
    "15": 0.7830864197530863
  },
  "freeze_at_4": {
    "0": 0.6706172839506173,
    "1": 0.7340740740740742,
    "2": 0.7625925925925924,
    "3": 0.7860493827160494,
    "4": 0.7972222222222223,
    "5": 0.8011728395061728,
    "6": 0.7979629629629629,
    "7": 0.7980246913580246,
    "8": 0.7987037037037038,
    "9": 0.7980246913580246,
    "10": 0.797037037037037,
    "11": 0.7985802469135802,
    "12": 0.7982716049382717,
    "13": 0.7976543209876542,
    "14": 0.7985802469135802,
    "15": 0.7978395061728395
  },
  "freeze_at_8": {
    "0": 0.6706172839506173,
    "1": 0.7340740740740742,
    "2": 0.7625925925925924,
    "3": 0.7860493827160494,
    "4": 0.7972222222222223,
    "5": 0.8011728395061728,
    "6": 0.8095679012345678,
    "7": 0.8127160493827159,
    "8": 0.8130864197530865,
    "9": 0.8137654320987653,
    "10": 0.8161728395061729,
    "11": 0.8143827160493828,
    "12": 0.8158641975308641,
    "13": 0.8148765432098765,
    "14": 0.8142592592592592,
    "15": 0.8151234567901234
  },
  "freeze_at_12": {
    "0": 0.6706172839506173,
    "1": 0.7340740740740742,
    "2": 0.7625925925925924,
    "3": 0.7860493827160494,
    "4": 0.7972222222222223,
    "5": 0.8011728395061728,
    "6": 0.8095679012345678,
    "7": 0.8127160493827159,
    "8": 0.8130864197530865,
    "9": 0.8137654320987653,
    "10": 0.8158024691358026,
    "11": 0.8172839506172839,
    "12": 0.8169135802469136,
    "13": 0.8188271604938271,
    "14": 0.8170987654320987,
    "15": 0.8183950617283952
  }
}