{
  "n_puzzles": 300,
  "max_steps": 16,
  "hidden_dim": 512,
  "pca_explained_variance_ratio": [
    0.7061,
    0.17717,
    0.04795,
    0.02893,
    0.01643,
    0.00866,
    0.00442,
    0.00282,
    0.0018,
    0.00124
  ],
  "pc1_explained": 0.7061,
  "pc2_explained": 0.17717,
  "cumulative_2pc_explained": 0.88327,
  "pc1_explained_bootstrap_ci": [
    0.70826,
    0.67593,
    0.73797
  ],
  "cumulative_2pc_bootstrap_ci": [
    0.88305,
    0.86328,
    0.89842
  ],
  "trajectory_geometry": {
    "path_length_2d": {
      "mean": 5.44090757826964,
      "ci_lower": 5.101431011294325,
      "ci_upper": 5.825044956689079
    },
    "net_displacement_2d": {
      "mean": 4.290298953255018,
      "ci_lower": 4.130783417001366,
      "ci_upper": 4.4467088831812145
    },
    "cos_step0_to_final": {
      "mean": 0.9302739481131236,
      "ci_lower": 0.926205393811067,
      "ci_upper": 0.9341465115398169
    },
    "mean_consecutive_cos": {
      "mean": 0.9950285796986688,
      "ci_lower": 0.9947146884563899,
      "ci_upper": 0.9953174541933669
    }
  },
  "per_step_path_validity": {
    "exact_solved": [
      0.16333,
      0.72667,
      0.76333,
      0.75333,
      0.75333,
      0.75333,
      0.75667,
      0.75,
      0.75667,
      0.75,
      0.74667,
      0.74667,
      0.74667,
      0.75,
      0.75,
      0.74667
    ],
    "valid_sg_path": [
      0.24667,
      0.88667,
      0.92667,
      0.92667,
      0.93333,
      0.93333,
      0.93,
      0.92,
      0.93,
      0.92667,
      0.92667,
      0.93,
      0.92333,
      0.93,
      0.93333,
      0.92333
    ],
    "connects_start_goal": [
      0.35,
      0.89667,
      0.93,
      0.93,
      0.93667,
      0.94333,
      0.93667,
      0.93,
      0.93667,
      0.93667,
      0.93667,
      0.94,
      0.93667,
      0.94,
      0.94667,
      0.93333
    ],
    "path_f1": [
      0.91979,
      0.97038,
      0.97087,
      0.96933,
      0.96973,
      0.9695,
      0.96954,
      0.96937,
      0.97031,
      0.96935,
      0.96954,
      0.96957,
      0.9696,
      0.96912,
      0.96942,
      0.96885
    ]
  },
  "stream": "z_H"
}